sitename,count,avg_latitude,avg_longitude
Nogata,1,33.725,130.75
Narni,1,42.51667,12.51667
Elbogen,1,50.18333,12.73333
Rivolta de Bassi,1,45.48333,9.51667
Ensisheim,1,47.86667,7.35
Valdinoce,1,44.06667,12.1
Oliva-Gandia,1,39.0,-0.03333
Campo del Cielo,1,-27.46667,-60.58333
Castrovillari,1,39.8,16.2
Morito,1,27.05,-105.43333
Jalandhar,1,31.0,75.0
Stretchleigh,1,50.38333,-3.95
Hatford,1,51.65,-1.51667
Minamino,1,35.07833,136.93333
Sagan,1,51.53333,14.88333
Mount Vaisi,1,44.08333,6.86667
Stolzenau,1,52.53333,9.05
Fünen,1,55.33333,10.33333
Novy-Ergi,1,58.55,31.33333
Vago,1,45.41667,11.13333
Ortenau,1,48.5,8.0
Sasagase,1,34.71667,137.78333
Barcelona (stone),1,41.36667,2.16667
Schellin,1,53.35,15.05
Siratik,1,14.0,-11.0
Ploschkovitz,1,50.53333,14.11667
Steinbach,1,50.5,12.5
Rasgrad,1,43.5,26.53333
Ogi,1,33.28333,130.2
Krasnojarsk,1,54.9,91.8
Nicorps,1,49.03333,-1.43333
Hraschina,1,46.1,16.33333
Luponnas,1,46.21667,5.0
Tabor,1,49.4,14.65
Albareto,1,44.65,11.01667
Lucé,1,47.85,0.48333
Mauerkirchen,1,48.18333,13.13333
Aire-sur-la-Lys,1,50.66667,2.33333
Sena,1,41.71667,-0.05
Owrucz,1,51.33333,28.83333
Rodach,1,50.35,10.8
Toluca,1,19.56667,-99.56667
Pettiswood,1,53.53333,-7.33333
Longchang,1,29.3,105.3
Bendegó,1,-10.11667,-39.2
Sierra Blanca,1,27.15,-104.9
Eichstädt,1,48.9,11.21667
Kharkov,1,50.625,35.075
Barbotan,1,43.95,-0.05
Castel Berardenga,1,43.35,11.5
Zacatecas (1792),1,22.81667,-102.56667
Cape of Good Hope,1,-33.5,26.0
Siena,1,43.11667,11.6
Mulletiwu,1,9.33333,80.83333
Wold Cottage,1,54.13667,-0.41333
Bjelaja Zerkov,1,49.78333,30.16667
Portugal,1,38.5,-8.0
Prambanan,1,-7.56667,110.83333
Benares (a),1,25.36667,82.91667
Salles,1,46.05,4.63333
Mauritius,1,-20.0,57.0
Apt,1,43.86667,5.38333
L'Aigle,1,48.76667,0.63333
Mässing,1,48.13333,12.61667
Bocas,1,23.0,-102.0
Darmstadt,1,49.86667,8.65
High Possil,1,55.9,-4.23333
Charcas,1,23.08333,-101.01667
Misteca,1,16.8,-97.1
Asco,1,42.45,9.03333
Doroninsk,1,51.2,112.3
Bitburg,1,49.96667,6.53333
Alais,1,44.11667,4.08333
Timochin,1,54.5,35.2
Weston,1,41.26667,-73.26667
Borgo San Donino,1,44.86667,10.05
Lissa,1,50.2,14.85
Moradabad,1,28.78333,78.83333
Stannern,1,49.28333,15.56667
Red River,1,32.0,-95.0
Kikino,1,55.0,34.0
Caswell County,1,36.5,-79.25
Charsonville,1,47.93333,1.56667
Mooresfort,1,52.45,-8.33333
Brahin,1,52.5,30.33333
Santa Rosa,1,5.91667,-73.0
Berlanguillas,1,41.68333,-3.8
Kuleschovka,1,50.75,33.5
Punganaru,1,13.33333,78.95
Borodino,1,55.46667,35.86667
Chantonnay,1,46.68333,1.05
Erxleben,1,52.21667,11.25
Toulouse,1,43.6,1.4
Limerick,1,52.56667,-8.78333
Luotolax,1,61.2,27.7
Agen,1,44.21667,0.61667
Bachmut,1,48.6,38.0
Chail,1,25.36667,81.66667
Gurram Konda,1,13.78333,78.56667
Lenarto,1,49.0,21.0
Chassigny,1,47.71667,5.36667
Durala,1,30.3,76.63333
Hachi-oji,1,35.65,139.33333
Seres,1,41.05,23.56667
Slobodka,1,55.0,35.0
Zaborzika,1,50.28333,27.68333
Cambria,1,43.2,-78.8
Cape York,1,76.13333,-64.93333
Jonzac,1,45.43333,-0.45
Pohlitz,1,50.93333,12.13333
Burlington,1,42.75,-75.18333
Lixna,1,56.0,26.43333
Juvinas,1,44.71667,4.3
Angers,1,47.46667,-0.55
Épinal,1,48.18333,6.46667
Futtehpur,1,25.95,80.81667
Kadonah,1,27.08333,78.33333
Umbala,1,30.33333,76.33333
Guilford County,1,35.56667,-79.83333
Imilac,1,-24.20333,-68.80667
Botschetschki,1,51.33333,33.88333
Nobleborough,1,44.08333,-69.48333
Renazzo,1,44.76667,11.28333
Tounkin,1,51.73333,102.53333
Zebrak,1,49.88333,13.91667
Honolulu,1,21.3,-157.86667
Nanjemoy,1,38.41667,-77.16667
Yanhuitlan,1,17.53333,-97.35
Galapian,1,44.3,0.4
Mineo,1,37.28333,14.7
Pavlograd,1,48.53333,35.98333
Bialystok,1,53.1,23.2
Drake Creek,1,36.4,-86.5
Mhow,1,25.9,83.61667
Richmond,1,37.46667,-77.5
La Caille,1,43.73333,6.78333
Deal,1,40.25,-74.0
Forsyth,1,33.01667,-83.96667
Krasnoi-Ugol,1,54.03333,40.9
Bohumilitz,1,49.05,13.76667
Launton,1,51.9,-1.11667
Perth,1,56.4,-3.43333
Vouillé,1,46.63333,0.16667
Wessely,1,48.95,17.38333
Walker County,1,34.0,-87.16667
Blansko,1,49.36667,16.63333
Charwallas,1,29.48333,75.5
Okniny,1,50.83333,25.5
Lime Creek,1,31.55,-87.51667
Aldsworth,1,51.78333,-1.78333
Charlotte,1,36.16667,-87.33333
Aubres,1,44.38333,5.16667
Macau,1,-5.2,-36.66667
Mascombes,1,45.36667,1.86667
Gibeon,1,-25.5,18.0
Wichita County,1,34.06667,-98.91667
Esnandes,1,46.25,-1.1
Gross-Divina,1,49.26667,18.71667
Yonozu,1,37.75,139.0
Coahuila,1,28.7,-102.73333
Cosby's Creek,1,35.78333,-83.25
Akbarpur,1,29.71667,77.95
Chandakapur,1,20.26667,76.01667
Cold Bokkeveld,1,-33.13333,19.38333
Kaee,1,27.25,79.96667
Montlivault,1,47.63333,1.58333
Simbirsk (of P. Partsch),1,54.3,48.4
Slobodka (of P. Partsch),1,55.0,35.0
Little Piney,1,37.91667,-92.08333
Asheville,1,35.58333,-82.53333
Black Mountain,1,35.58333,-82.35
Putnam County,1,33.25,-83.25
Smithland,1,37.13333,-88.4
Cereseto,1,45.08333,8.3
Karakol,1,47.21667,81.01667
Uden,1,51.65,5.61667
Abo,1,60.43333,22.3
Carthage,1,36.26667,-85.98333
Magura,1,49.33333,19.48333
Smithville,1,35.98333,-85.85
Château-Renard,1,47.93333,2.91667
Grüneberg,1,51.93333,15.5
St. Christophe-la-Chartreuse,1,46.95,-1.5
Petropavlovsk,1,53.35,87.18333
Aumieres,1,44.33333,3.23333
Barea,1,42.38333,-2.5
Milena,1,46.18333,16.1
Myhee Caunta,1,23.05,72.63333
Babb's Mill (Troost's Iron),1,36.3,-82.88333
Bishopville,1,34.16667,-80.28333
Klein-Wenden,1,51.6,10.8
Manegaon,1,20.96667,76.1
Picote,1,41.36667,-6.23333
Utrecht,1,52.11667,5.18333
Verkhne Tschirskaia,1,48.41667,43.2
Berdyansk,1,46.75,36.81667
Cosina,1,21.16667,-100.86667
Favars,1,44.38333,2.81667
Killeter,1,54.66667,-7.66667
Ruff's Mountain,1,34.3,-81.4
Le Pressoir,1,47.16667,0.43333
Le Teilleul,1,48.53333,-0.86667
Barratta,1,-35.3,144.56667
Cape Girardeau,1,37.26667,-89.58333
Monte Milone,1,43.26667,13.35
Schönenberg,1,48.11667,10.46667
Assam,1,26.0,92.0
Deep Springs,1,36.5,-79.75
Jackson County,1,36.41667,-85.5
Netschaëvo,1,54.23333,35.15
Braunau,1,50.6,16.3
Marion (Iowa),1,41.9,-91.6
Murfreesboro,1,35.83333,-86.41667
Seeläsgen,1,52.26667,15.55
Singhur,1,18.31667,73.91667
Castine,1,44.38333,-68.75
Dharwar,1,14.88333,75.6
Marmande,1,44.5,0.15
Ski,1,59.73333,10.86667
Monroe,1,35.25,-80.5
Chesterville,1,34.7,-81.2
Fukue,1,32.7,128.85
Kesen,1,38.98333,141.61667
Shalka,1,23.1,87.3
Botetourt County,1,37.5,-79.75
Pittsburg,1,40.43333,-80.0
Salt River,1,37.95,-85.78333
Schwetz,1,53.4,18.45
Seneca Falls,1,42.91667,-76.78333
Tucson,1,31.85,-110.96667
Gütersloh,1,51.91667,8.38333
Nulles,1,41.63333,0.75
Quincay,1,46.6,0.25
Borkut,1,48.15,24.28333
Bustee,1,26.78333,82.83333
Mezö-Madaras,1,46.5,25.73333
Yatoor,1,14.3,79.76667
Chupaderos,1,27.0,-105.1
Cranberry Plains,1,37.23333,-80.73333
Mainz,1,50.0,8.26667
Rodeo,1,25.33333,-104.66667
Duruma,1,-4.0,39.5
Girgenti,1,37.31667,13.56667
Segowlie,1,26.75,84.78333
Tazewell,1,36.43333,-83.75
Union County,1,34.75,-84.0
Linum,1,52.75,12.9
Cranbourne,1,-38.1,145.3
Duel Hill (1854),1,35.85,-82.7
Emmitsburg,1,39.71667,-77.3
Madoc,1,44.5,-77.46667
Oktibbeha County,1,33.5,-89.0
Sarepta,1,48.48333,44.81667
Tabarz,1,50.88333,10.51667
Verkhne Udinsk,1,54.76667,113.98333
Avilez,1,25.0,-103.5
Bremervörde,1,53.4,9.1
Oesel,1,58.5,23.0
Petersburg,1,35.3,-86.63333
Sabetmahet,1,27.43333,82.08333
St. Denis Westrem,1,51.05,3.75
Barranca Blanca,1,-28.08333,-69.33333
Narraburra,1,-34.25,147.7
Orange River (iron),1,-30.0,25.0
Oviedo,1,43.4,-5.86667
Trenzano,1,45.46667,10.0
Denton County,1,33.0,-97.0
Fort Pierre,1,44.35,-100.38333
Hainholz,1,52.28333,8.91667
Nelson County,1,37.75,-85.5
Heredia,1,10.0,-84.1
Kaba,1,47.35,21.3
Les Ormes,1,48.35,3.25
Ohaba,1,46.06667,23.58333
Parnallee,1,9.23333,78.35
Quenggouk,1,17.76667,95.18333
Stavropol,1,45.05,41.98333
Laurens County,1,34.5,-82.03333
Locust Grove,1,33.33333,-84.1
Mincy,1,36.55,-93.1
Ausson,1,43.08333,0.58333
Kakowa,1,45.13333,21.66667
Molina,1,38.11667,-1.16667
Zmenj,1,51.83333,26.83333
Augusta County,1,38.16667,-79.08333
Joel's Iron,1,-24.0,-69.0
Trenton,1,43.36667,-88.13333
Wooster,1,40.76667,-81.95
Bethlehem,1,42.53333,-73.83333
Beuste,1,43.21667,-0.23333
Harrison County,1,38.25,-86.16667
Pampanga,1,15.08333,120.7
Tombigbee River,1,32.23333,-88.2
Alessandria,1,44.88333,8.75
Dhurmsala,1,32.23333,76.46667
Kheragur,1,26.95,77.88333
Kusiali,1,29.68333,78.38333
New Concord,1,40.0,-81.76667
Sologne,1,47.36667,1.73333
Cleveland,1,34.88333,-84.78333
Coopertown,1,36.43333,-87.0
La Grange,1,38.4,-85.36667
Marshall County,1,37.0,-88.25
Victoria West,1,-31.7,23.75
Butsura,1,27.08333,84.08333
Cañellas,1,41.25,1.66667
Grosnaja,1,43.66667,45.38333
Meerut,1,29.01667,77.8
Lutschaunig's Stone,1,-27.0,-70.0
Vaca Muerta,1,-25.75,-70.5
Menow,1,53.18333,13.15
Sevilla,1,37.41667,-6.0
Kokomo,1,40.48333,-86.36667
Buschhof,1,46.45,25.78333
Manbhoom,1,23.05,86.7
Pillistfer,1,58.66667,25.73333
Pulsora,1,23.36667,75.18333
Shytal,1,24.33333,90.16667
Tourinnes-la-Grosse,1,50.78333,4.76667
Bacubirito,1,26.2,-107.83333
Copiapo,1,-27.3,-70.4
Obernkirchen,1,52.26667,9.1
Russel Gulch,1,39.8,-105.5
Smith's Mountain,1,36.41667,-80.0
St. Francois County,1,37.75,-90.5
Tomhannock Creek,1,42.88333,-73.6
Wabar,1,21.49972,50.47222
Wairarapa Valley,1,-41.31667,175.13333
Dolgovoli,1,50.75,25.3
Nerft,1,56.5,21.5
Orgueil,1,43.88333,1.38333
Tamentit,1,27.71667,-0.25
Aumale,1,36.16667,3.66667
Dundrum,1,52.55,-8.03333
Gopalpur,1,24.23333,89.05
Muddoor,1,12.63333,77.01667
Shergotty,1,24.55,84.83333
Supuhee,1,26.71667,84.21667
Vernon County,1,43.5,-91.16667
Dellys,1,36.91667,3.91667
Cangas de Onis,1,43.38333,-5.15
Jamkheir,1,18.75,75.33333
Knyahinya,1,48.9,22.4
Pokhra,1,26.71667,82.66667
Sone,1,35.16667,135.33333
St. Mesmin,1,48.45,3.93333
Udipi,1,13.48333,74.78333
Bear Creek,1,39.6,-105.3
Dehesa,1,-33.5,-70.5
Frankfort (iron),1,38.2,-84.83333
Juncal,1,-26.0,-69.25
Rushville,1,39.61667,-85.45
Khetri,1,28.01667,75.81667
Otomi,1,38.4,140.35
Tadjera,1,36.18333,5.41667
Auburn,1,32.63333,-85.5
Ballarat,1,-37.57083,143.82533
Cacaria,1,24.5,-104.8
Casas Grandes,1,30.4,-107.8
Scottsville,1,36.76667,-86.16667
Daniel's Kuil,1,-28.2,24.56667
Danville,1,34.4,-87.06667
Frankfort (stone),1,34.48333,-87.83333
Lodran,1,29.53333,71.8
Moti-ka-nagla,1,26.83333,77.33333
Motta di Conti,1,45.2,8.5
Ornans,1,47.11667,6.15
Pnompehn,1,11.58333,104.91667
Pultusk,1,52.76667,21.26667
Sauguis,1,43.15,-0.85
Slavetic,1,45.68333,15.6
Goalpara,1,26.16667,90.6
Losttown,1,34.25,-84.5
Mount Vernon,1,36.93333,-87.4
Pevensey,1,-34.78333,144.66667
San Francisco del Mezquital,1,23.48333,-104.36667
Angra dos Reis (stone),1,-22.96667,-44.31667
Hessle,1,59.85,17.66667
Kernouve,1,48.11667,-3.08333
Krähenberg,1,49.32694,7.46472
Lumpkin,1,32.03333,-84.76667
Tjabe,1,-7.08333,111.53333
Yorktown (New York),1,41.28333,-73.81667
Caperr,1,-45.28333,-70.48333
Iron Creek,1,53.0,-112.0
Salt Lake City,1,40.91667,-111.66667
Shingle Springs,1,38.66667,-120.93333
Staunton,1,38.21667,-79.05
Cabezo de Mayo,1,37.98333,-1.16667
Ibbenbüren,1,52.28333,7.7
Nedagolla,1,18.68333,83.48333
Cincinnati,1,39.11667,-84.5
Ilimaes (iron),1,-26.0,-70.0
McKinney,1,33.18333,-96.71667
Bandong,1,-6.91667,107.6
Laborel,1,44.28333,5.58333
Roda,1,42.3,0.55
Searsmont,1,44.36667,-69.2
Cuba,1,22.0,-80.0
Iquique,1,-20.18333,-69.73333
Oczeretna,1,49.31667,31.51667
Dyalpur,1,26.25,82.0
Lancé,1,47.7,1.06667
Orvinio,1,42.13333,12.93333
Tennasilm,1,58.03333,26.95
Nenntmannsdorf,1,50.96667,13.95
Santa Apolonia,1,19.21667,-98.3
Aleppo,1,36.23333,37.13333
Jhung,1,31.3,72.38333
Khairpur,1,29.53333,72.3
Santa Barbara,1,-29.2,-51.86667
Virba,1,43.53333,22.63333
Chulafinnee,1,33.5,-85.66667
Duel Hill (1873),1,35.85,-82.7
Ssyromolotovo,1,58.61667,98.93333
Waconda,1,39.33333,-98.16667
Castalia,1,36.08333,-78.06667
Kerilis,1,48.4,-3.3
Sevrukovo,1,50.61667,36.6
Butler,1,38.3,-94.36667
Cachiyuyal,1,-25.0,-69.5
Coolac,1,-34.96667,148.125
Feid Chair,1,36.88333,8.45
Homestead,1,41.8,-91.86667
Mornans,1,44.6,5.13333
Nagaria,1,26.98333,78.21667
Sitathali,1,20.91667,82.58333
Zsadany,1,46.93333,21.5
Alexander County,1,35.75,-81.25
Canyon City,1,40.9,-123.1
Mejillones,1,-23.1,-70.5
North Chile,1,-23.0,-69.0
Santa Catharina,1,-26.21667,-48.6
Serrania de Varas,1,-24.55,-69.06667
Yardea,1,-32.45,135.55
Judesegeri,1,12.85,76.8
Rochester,1,41.08333,-86.28333
Rowton,1,52.76667,-2.51667
Ställdalen,1,59.93333,14.95
Vavilovka,1,46.15,32.83333
Babb's Mill (Blake's Iron),1,36.3,-82.88333
Mantos Blancos,1,-23.45,-70.11667
Nochtuisk,1,59.98333,117.58333
Verkhne Dnieprovsk,1,48.63333,34.36667
Bhagur,1,20.88333,74.83333
Cronstad,1,-27.7,27.3
Cynthiana,1,38.4,-84.25
Hungen,1,50.3,8.91667
Jodzie,1,55.7,24.4
Soko-Banja,1,43.66667,21.86667
Warrenton,1,38.68333,-91.15
Casey County,1,37.25,-85.0
Mühlau,1,47.28333,11.41667
Dandapur,1,26.91667,83.96667
Haraiya,1,26.8,82.53333
La Charca,1,20.66667,-101.28333
Mern,1,55.05,12.06667
Rakovka,1,52.98333,37.03333
Tieschitz,1,49.6,17.11667
Bluff (a),1,29.87861,-96.87222
Lujan,1,-34.66667,-59.36667
York (iron),1,40.75,-97.5
Estherville,1,43.41667,-94.83333
Gnadenfrei,1,50.66667,16.76667
Itapicuru-Mirim,1,-3.4,-44.33333
Kalumbi,1,17.83333,73.98333
La Bécasse,1,47.08333,1.75
Nogoya,1,-32.36667,-59.83333
Tenham,1,-25.73333,142.95
Tomatlan,1,20.16667,-105.21667
Campo de Pucara (iron),1,-27.66667,-67.11667
Dalton,1,34.8,-84.98333
Densmore (1879),1,39.65,-99.68333
Lick Creek,1,35.66667,-80.25
Makarewa,1,-46.31667,168.4
Niagara,1,48.0,-97.93333
Aachen,1,50.775,6.08333
Andhara,1,26.58333,85.56667
Chetrinahatti,1,14.5,76.5
Ratyn,1,52.2,17.98333
Takenouchi,1,35.38333,134.9
Veramin,1,35.33333,51.63333
Wittekrantz,1,-32.5,23.0
Bingera,1,-29.88333,150.56667
Colfax,1,35.3,-81.73333
Eagle Station,1,38.61667,-84.96667
Greenbrier County,1,37.83333,-80.31667
Ivanpah,1,35.33333,-115.31667
Jiapigou,1,42.83333,127.5
Lexington County,1,34.0,-81.25
Muizenberg,1,-34.1,18.46667
Grossliebenthal,1,46.35,30.58333
Middlesbrough,1,54.56667,-1.16667
Pacula,1,21.05,-99.3
Piquetberg,1,-32.86667,18.71667
Admire,1,38.7,-96.1
Chilkoot,1,59.33333,-136.0
Costilla Peak,1,36.83333,-105.23333
Thunda,1,-25.7,143.05
Winburg,1,-28.5,27.0
Fukutomi,1,33.18333,130.2
Mocs,1,46.8,24.03333
Pavlovka,1,52.03333,43.0
Pirgunje,1,25.8,88.45
Brenham,1,37.5825,-99.16361
Hex River Mountains,1,-33.31667,19.61667
Linville,1,35.86667,-81.91667
Rancho de la Pila (1882),1,24.11667,-104.3
San Cristobal,1,-23.43333,-69.5
Alfianello,1,45.26667,10.15
Ngawi,1,-7.45,111.41667
St. Caprais-de-Quinsac,1,44.75,0.05
Adalia,1,36.9,30.68333
Enon,1,39.86667,-83.95
Estacado,1,33.9,-101.75
Grand Rapids,1,42.96667,-85.76667
Jenny's Creek,1,37.9,-82.38333
São Julião de Moreira,1,41.76611,-8.58361
Silverton (New South Wales),1,-31.88333,141.2
Djati-Pengilon,1,-7.5,111.5
Pirthalla,1,29.58333,76.0
Tysnes Island,1,60.0,5.61667
Chañaral,1,-26.5,-70.25
Corrizatillo,1,-26.03333,-70.33333
Glorieta Mountain,1,35.6,-105.8
Hammond,1,44.91667,-92.43333
Joe Wright Mountain,1,35.76667,-91.5
Kokstad,1,-30.55,29.41667
Merceditas,1,-26.33333,-70.28333
Youndegin,1,-32.1,117.71667
Chandpur,1,27.28333,79.05
Mazapil,1,24.68333,-101.68333
Jamestown,1,46.61667,-98.5
Lucky Hill,1,17.9,-77.63333
Pavlodar (pallasite),1,51.16667,77.33333
Puquios,1,-27.15,-69.91667
Tanokami Mountain,1,34.91667,135.96667
Assisi,1,43.03333,12.55
Barntrup,1,52.0,9.1
Bradford Woods,1,40.5,-80.08333
Cabin Creek,1,35.5,-93.5
Kyushu,1,32.03333,130.63333
Nammianthal,1,12.28333,79.2
Novo-Urei,1,54.81667,46.0
Kulnine,1,-34.15,141.78333
Rafrüti,1,47.0,7.83333
Tonganoxie,1,39.08333,-95.11667
Bielokrynitschie,1,50.13333,27.16667
De Cewsville,1,43.0,-80.0
Lalitpur,1,24.45,78.56667
Ochansk,1,57.78333,55.26667
Phu Hong,1,11.25,108.58333
Algoma,1,44.65,-87.46667
Carlton,1,31.91667,-98.03333
Crab Orchard,1,35.83333,-84.91667
Doyleville,1,38.41667,-106.58333
Holland's Store,1,34.36667,-85.43333
Indian Valley,1,36.93333,-80.5
Indio Rico,1,-38.33333,-60.88333
Kendall County,1,29.4,-98.5
Morristown,1,36.2,-83.38333
Mount Joy,1,39.78333,-77.21667
Pan de Azucar,1,-26.5,-69.5
Pipe Creek,1,29.68333,-98.91667
San Emigdio,1,36.0,-119.0
San Pedro Springs,1,29.5,-98.5
Silver Crown,1,41.23333,-104.98333
Waldron Ridge,1,36.63333,-83.83333
Bella Roca,1,24.9,-105.4
Bischtübe,1,51.95,62.2
Carcote,1,-24.0,-69.0
Cowra,1,-33.85,148.68333
Eli Elwah,1,-34.5,144.71667
Franklinville,1,38.5,-100.0
Haniet-el-Beguel,1,32.48333,4.4
La Primitiva,1,-19.91667,-69.81667
Lonaconing,1,39.41667,-79.15
Minas Gerais,1,-18.5,-44.0
Pirapora,1,-17.3,-45.0
St. Genevieve County,1,37.96667,-90.31667
Thomson,1,33.46667,-82.48333
Thurlow,1,44.75,-77.58333
Welland,1,43.01667,-79.21667
Ergheo,1,1.16667,44.16667
Ferguson,1,36.1,-81.41667
Jelica,1,43.83333,20.44167
Lundsgård,1,56.21667,13.03333
Mighei,1,48.06667,30.96667
Ameca-Ameca,1,20.58333,-104.06667
Apoala,1,17.7,-97.0
Dexter,1,33.81667,-97.0
Gilgoin,1,-30.38333,147.2
Hopper,1,36.55,-79.78333
Iron River,1,46.07944,-88.55972
Kenton County,1,38.81667,-84.6
Moctezuma,1,29.8,-109.66667
Travis County (a),1,30.3,-97.7
Travis County (b),1,30.55556,-97.95278
Collescipoli,1,42.53333,12.61667
Farmington,1,39.75,-97.03333
Forest City,1,43.25,-93.66667
Hassi-Jekna,1,28.95,0.81667
Jianshi,1,30.80833,109.5
Kakangari,1,12.38333,78.51667
Misshof,1,56.66667,23.0
Nawapali,1,21.25,83.66667
St. Germain-du-Pinel,1,48.01667,-1.15
Augustinovka,1,48.06667,35.08333
Blue Tier,1,-41.18333,148.03333
Bridgewater,1,35.71667,-81.86667
Franceville,1,38.81667,-104.61667
Morland,1,39.33333,-100.06667
Nagy-Vázsony,1,46.98333,17.7
Sacramento Mountains,1,32.91667,-104.66667
Shirahagi,1,36.7,137.36667
Summit,1,34.2,-86.48333
Villedieu,1,47.91667,4.35
Western Arkansas,1,35.0,-94.0
Guêa,1,43.76667,20.23333
Indarch,1,39.75,46.66667
Bald Eagle,1,41.28333,-77.05
Canyon Diablo,1,35.05,-111.03333
Forsyth County,1,36.1,-80.2
Jonesboro,1,36.3,-82.46667
Kingston,1,32.9,-107.73333
Long Island,1,39.93333,-99.6
Ternera,1,-27.33333,-69.8
Toubil River,1,55.88333,89.1
Bansur,1,27.7,76.33333
Bath,1,45.41667,-98.31667
Cross Roads,1,35.63333,-78.13333
Guareña,1,38.73333,-6.01667
Ballinoo,1,-27.7,115.76667
Cobija,1,-22.56667,-70.25
Dayton,1,39.75,-84.16667
Moonbi,1,-30.91667,151.28333
Morradal,1,62.0,7.66667
Roebourne,1,-22.33333,118.0
Saotome,1,36.5,137.0
Beaver Creek,1,51.16667,-117.33333
Bherai,1,20.83333,71.46667
Pricetown,1,39.11667,-83.85
Zabrodje,1,55.18333,27.91667
El Capitan,1,33.5,-105.5
Kaufman,1,32.58333,-96.41667
Kofa,1,33.5,-114.0
Oroville,1,39.68333,-121.63333
Persimmon Creek,1,35.05,-84.23333
Plymouth,1,41.33333,-86.31667
Prairie Dog Creek,1,39.63333,-100.5
South Bend,1,41.65,-86.21667
Bori,1,21.95,78.03333
Fisher,1,47.81667,-96.85
Los Martinez,1,38.0,-0.83333
Savtschenskoje,1,47.21667,29.86667
Arlington,1,44.6,-94.1
Canton,1,34.2,-84.48333
Hildreth,1,40.33333,-99.03333
Jerome (Kansas),1,38.76667,-100.73333
Ness County (1894),1,38.5,-99.6
Sam's Valley,1,42.53333,-122.875
Ambapur Nagla,1,27.66667,78.25
Bishunpur,1,25.38333,82.6
Nagy-Borové,1,49.16667,19.5
Rockhampton,1,-23.38333,150.51667
Hayden Creek,1,45.0,-114.0
Nocoleche,1,-29.86667,144.21667
Oakley (stone),1,38.95,-101.01667
Oscuro Mountains,1,33.63333,-106.38333
Pampa del Infierno,1,-26.68333,-61.08333
Reed City,1,43.86667,-85.51667
Atemajac,1,20.06667,-103.66667
Lesves,1,50.36667,4.73333
Madrid,1,40.41667,-3.71667
Ottawa,1,38.6,-95.21667
Arispe,1,30.33333,-109.98333
Covert,1,39.2,-98.78333
Loreto,1,26.01667,-111.36667
Luis Lopez,1,34.0,-106.96667
Rosario,1,14.6,-88.68333
Delhi,1,28.56667,77.25
Gambat,1,27.35,68.53333
Higashi-koen,1,33.6,130.43333
Kangra Valley,1,32.08333,76.3
Lancon,1,43.75,5.11667
Meuselbach,1,50.58333,11.1
Nio,1,34.2,131.56667
Zavid,1,44.4,19.11667
Los Reyes,1,19.26667,-97.28333
Mount Morris (New York),1,42.7,-77.88333
Mungindi,1,-28.93333,148.95
San Angelo,1,31.41667,-100.35
Andover,1,44.61667,-70.75
Mariaville,1,42.71667,-99.38333
Mjelleim,1,61.73333,5.93333
Quesa,1,39.0,-0.66667
Zaisho,1,33.7,133.8
Alt Bela,1,49.76667,18.25
Andryushki,1,49.65,29.63333
Armanty,1,47.0,88.0
Bendock,1,-37.15,148.91667
Bond Springs,1,-23.5,133.83333
Cedartown,1,34.01667,-85.26667
Iredell,1,31.96667,-97.86667
Kodaikanal,1,10.26667,77.4
Mart,1,31.5,-96.88333
Mount Ouray,1,38.41667,-106.21667
Sierra Gorda,1,-22.9,-69.35
Weaver Mountains,1,34.25,-112.75
Allegan,1,42.53333,-85.88333
Bjurböle,1,60.4,25.8
Donga Kohrod,1,21.86667,82.45
Magnesia,1,37.86667,27.51667
Peramiho,1,-10.66667,35.5
Rancho de la Presa,1,19.86667,-100.81667
Zomba,1,-15.18333,35.28333
Castray River,1,-41.5,145.41667
Gerona,1,41.96667,2.81667
Illinois Gulch,1,46.68333,-112.55
Kissij,1,54.86667,50.88333
Murphy,1,35.1,-84.03333
Red Willow,1,40.25,-100.5
Surprise Springs,1,34.16667,-115.91667
Alexandrovsky,1,50.95,31.81667
Emmaville,1,-29.46667,151.61667
Felix,1,32.53333,-87.16667
Forsbach,1,50.95,7.31667
Leonovka,1,52.26667,32.85
N'Goureyma,1,13.85,-4.38333
Ofehértó,1,47.88333,22.03333
Ovambo,1,-18.0,16.0
Apache Junction,1,33.45,-111.51667
Aus,1,-26.66667,16.25
Benares (b),1,25.33333,83.0
Boogaldi,1,-31.15,149.11667
Camp Wood,1,29.7725,-99.875
Cedar (Texas),1,29.82806,-96.90861
Czestochowa Rakow I,1,50.8,19.11667
Czestochowa Rakow II,1,50.8,19.11667
Dhofar,1404,18.87125,54.51293
Duan,1,23.9,108.1
El Chiflón,1,-29.43333,-66.83333
Elizabeth,1,42.318,-90.221
Espiritu Santo,1,20.0,-102.18333
Fengzhen,1,40.5,113.0
Fujian,1,26.0,119.0
Fuzzy Creek,1,31.61111,-99.90417
Guixi,1,28.28333,117.18333
Guizhou,1,25.4,107.5
Hammadah al Hamra,340,28.79608,12.8363
Havana,1,40.33333,-90.05
Huangling,1,29.5,110.0
Hughes,58,-30.41207,129.52323
Itapuranga,1,-15.58333,-50.15
Jiddat al Harasis,697,19.67857,56.07831
Jiddat Arkad,3,18.70769,56.54535
Karagai,1,51.11667,57.91667
Karavannoe,1,57.78117,47.67967
La Porte,1,41.6,-86.71667
Northwest Africa,199,29.44245,-6.58767
Moshesh,1,-30.1,28.71667
Norin-Shibir,1,51.85,107.91667
Nuevo Mercurio (c),1,24.26,-102.14083
Ramlat as Sahmah,239,20.43065,55.9634
Rhine Villa,1,-34.66667,139.28333
Río Cuarto,1,-32.87167,-64.22333
Sayh al Uhaymir,471,20.76353,57.08971
Selcany,1,49.75,14.41667
Sleeper Camp,27,-30.16288,126.3221
Squaw Creek,1,32.0,-98.0
Sterling,1,40.6,-103.18333
Um-Hadid,1,21.695,50.59667
Ur,1,30.9,46.01667
Valencia,1,39.0,-0.03333
Villa Regina,1,-39.1,-67.06667
Wietrzno-Bobrka,1,49.41667,21.7
Wiltshire,1,51.14967,-1.81
Zaragoza,1,41.65,-0.86667
Chervettaz,1,46.55,6.81667
Hvittis,1,61.18333,22.68333
Phillips County (stone),1,40.0,-99.25
Sindhri,1,26.21667,69.55
Ashfork,1,35.25,-112.5
Gay Gulch,1,63.91667,-139.33333
Hendersonville,1,35.31667,-81.46667
Paulding County,1,34.0,-84.8
Saline,1,39.4,-100.4
Achiras,1,-33.16667,-64.95
Bath Furnace,1,38.25,-83.75
Caratash,1,38.5,27.0
Crumlin,1,54.61667,-6.21667
Kamsagar,1,14.18333,75.8
Marjalahti,1,61.5,30.5
Mount Browne,1,-29.8,141.7
Chinautla,1,14.5,-90.5
Finmarken,1,70.0,24.0
Nuleri,1,-27.83333,123.86667
Veliko-Nikolaevsky Priisk,1,53.83333,97.33333
Willamette,1,45.36667,-122.58333
Dokachi,1,23.5,90.33333
Jackalsfontein,1,-32.5,21.9
Menziswyl,1,46.81867,7.21817
Rich Mountain,1,35.03333,-83.03333
St. Mark's,1,-32.01667,27.41667
Tyumen,1,57.16667,65.53333
Uberaba,1,-19.81667,-48.78333
Valdinizza,1,44.86667,9.15
Billings,1,37.06667,-93.55
Cumpas,1,30.0,-109.66667
Davis Mountains,1,30.75,-104.25
Kansas City (1903),1,39.1,-94.63333
Knowles,1,36.9,-100.21667
Kouga Mountains,1,-33.61667,24.0
Lancaster County,1,40.66667,-96.75
Mount Dyrring,1,-32.33333,151.2
Providence,1,38.56667,-85.23333
Tamarugal,1,-20.8,-69.66667
Teocaltiche,1,21.43333,-102.56667
Tlacotepec,1,18.65,-97.55
Uwet,1,5.28333,8.25
Yarroweyah,1,-35.98333,145.58333
Barnaul,1,52.73333,84.08333
Gumoschnik,1,42.9,24.7
Okano,1,35.08333,135.2
Shelburne,1,44.05,-80.16667
Bagnone,1,44.31667,9.98333
Chambord,1,48.45,-72.06667
Delegate,1,-37.0,149.03333
Lefroy,1,-40.73333,146.96667
Lipovsky,1,49.08333,42.51667
Puente del Zacate,1,27.86667,-101.5
Puerta de Arauco,1,-28.88333,-66.66667
Bholghati,1,22.08333,86.9
Karkh,1,27.8,67.16667
Minnichhof,1,47.7,16.6
Modoc (1905),1,38.5,-101.1
Tomakovka,1,47.85,34.76667
Coon Butte,1,35.0,-111.0
El Perdido,1,-38.68333,-61.1
Ellerslie,1,-28.9,146.76667
Garraf,1,41.26667,1.91667
Kanzaki,1,33.3,130.36667
Kota-Kota,1,-13.01667,34.2
Las Salinas,1,-23.0,-69.5
Scott City,1,38.46667,-100.93333
Skookum,1,63.91667,-139.33333
Blackwell,1,36.83333,-97.33333
Diep River,1,-33.75,18.56667
Kijima (1906),1,36.85,138.38333
Kirbyville,1,30.75,-95.95
Krutikha,1,56.8,77.0
Kulp,1,41.11667,45.0
Vishnupur,1,23.1,87.43333
Duchesne,1,40.38333,-110.86667
Elm Creek,1,38.5,-96.2
Marburg,1,50.81667,8.76667
Muonionalusta,1,67.8,23.1
Perryville,1,37.73333,-89.85
Selma,1,32.4,-87.0
Bali,1,5.38333,16.38333
Chainpur,1,25.85,83.48333
Domanitch,1,40.0,29.0
Leighton,1,34.58333,-87.5
Ainsworth,1,42.6,-99.8
Bodaibo,1,57.85,114.2
Bowden,1,-33.0,26.4
Cleburne,1,32.31667,-97.41667
Fairburn,1,43.603,-103.026
Guffey,1,38.76667,-105.51667
Huizopa,1,28.9,-108.56667
Mount Ayliff,1,-30.81667,29.35
Näs,1,59.18333,12.21667
Norfolk,1,36.9,-76.3
Shrewsbury,1,39.76667,-76.66667
Simondium,1,-33.85,18.95
Avce,1,46.0,13.5
Kagarlyk,1,49.86667,30.83333
Kangean,1,-7.0,115.5
Mokoia,1,-39.63333,174.4
Novy-Projekt,1,56.0,22.0
Sete Lagoas,1,-19.46667,-44.21667
Arltunga,1,-23.33333,134.66667
Imperial,1,32.86667,-115.58333
Palmersville,1,36.4665,-88.60283
Pickens County,1,34.5,-84.5
Quinn Canyon,1,38.08333,-115.53333
Salina,1,38.98333,-111.85
Yarri,1,-29.45,121.21667
Blanket,1,31.83333,-98.83333
Gifu,1,35.53333,136.88333
Ahumada,1,30.7,-105.5
Gun Creek,1,34.0,-111.0
Haskell,1,33.21333,-99.73167
Hermitage Plains,1,-31.73333,146.4
Mount Dooling,1,-29.45,119.71667
Murnpeowie,1,-29.58333,139.9
Rateldraai,1,-28.83333,21.13333
Teplá,1,49.98333,12.86667
Baroti,1,31.61667,76.8
Grzempach,1,52.86667,16.63333
Hashima,1,35.2945,136.70033
Hedjaz,1,27.33333,35.66667
Khohar,1,25.1,81.53333
Lakangaon,1,21.86667,76.03333
Mirzapur,1,25.68333,83.25
Paitan,1,17.74333,120.45583
Palahatchie,1,32.31667,-89.71667
St. Michel,1,61.65,27.2
Vigarano,1,44.85,11.4
Blithfield,1,45.5,-77.0
Britstown,1,-30.58333,23.55
Cadell,1,-34.06667,139.75
Dorofeevka,1,53.33333,70.06667
Huntsman,1,41.18333,-103.0
Pooposo,1,-18.33333,-66.83333
Rica Aventura,1,-21.98333,-69.61667
Schaap-Kooi,1,-32.08333,21.33333
Tendo,1,38.35,140.37333
Demina,1,51.46667,84.76667
Erevan,1,40.3,44.5
Kilbourn,1,43.58333,-89.6
Nakhla,1,31.31667,30.35
Tonk,1,24.65,76.86667
Cruz del Aire,1,26.5,-100.0
Cullison,1,37.61667,-98.91667
Gerzeh,1,29.31667,31.28333
Kermichel,1,47.65,-2.76667
Mundrabilla,21,-30.50375,127.53798
Oberlin,1,39.8,-100.51667
Vicenice,1,49.21667,15.8
Holbrook,1,34.9,-110.18333
Leeuwfontein,1,-25.66667,28.36667
N'Kandhla,1,-28.56667,30.7
Shupiyan,1,33.71667,74.83333
Adelie Land,1,-67.18333,142.38333
Binda,1,-34.31667,149.38333
Bishop Canyon,1,38.0,-108.5
Colomera,1,37.43333,-3.65
Floydada,1,33.98333,-101.28333
Gretna,1,39.93333,-99.21667
Molong,1,-33.28333,148.88333
Tarbagatai,1,51.36667,107.38333
Banswal,1,30.4,78.2
Kamiomi,1,36.04167,139.95667
Moore County,1,35.41667,-79.38333
Sakauchi,1,35.66667,136.3
Burkett,1,32.03333,-99.25
Chinga,1,51.05833,94.4
Cookeville,1,36.16667,-85.51667
Culbertson,1,40.23333,-100.83333
Mount Edith,1,-22.5,116.16667
Owens Valley,1,37.46667,-118.0
Varpaisjärvi,1,63.3,27.73333
Appley Bridge,1,53.58333,-2.71667
Kisvarsány,1,48.16667,22.30833
Kuttippuram,1,10.83333,76.03333
Nyirábrany,1,47.55,22.025
Palinshih,1,43.48333,118.61667
Ryechki,1,51.13333,34.5
Saint-Sauveur,1,43.73333,1.38333
Artracoona,1,-29.06667,139.91667
Carraweena,1,-29.23333,139.93333
Cartoonkana,1,-29.75,141.03333
Cratheús (1931),1,-5.25,-40.5
Karee Kloof,1,-31.6,25.8
Kopjes Vlei,1,-29.3,21.15
Lushton,1,40.74972,-97.74972
Morasko,1,52.46667,16.9
Willow Creek,1,43.46667,-106.76667
Yandama,1,-29.75,141.03333
Ysleta,1,31.65,-106.18333
Meester-Cornelis,1,-6.23333,106.88333
Visuni,1,25.45,70.0
Albin (pallasite),1,41.5,-104.1
Chico Mountains,1,29.0,-103.25
Gladstone (iron),1,-23.9,151.3
Ilinskaya Stanitza,1,51.23333,57.38333
Naretha,1,-31.0,124.83333
Rosebud,1,30.81667,-97.05
Shiraiwa,1,39.5,140.2
South Byron,1,43.03333,-78.03333
Suwa,1,36.03333,138.08333
Uvalde,1,29.2,-99.76667
Waingaromia,1,-38.25,178.08333
Baxter,1,36.75,-93.5
Boguslavka,1,44.55,131.63333
Calivo,1,11.75,122.33333
Ekh Khera,1,28.26667,78.78333
Rampurhat,1,24.16667,87.76667
Renqiu,1,38.66667,116.13333
Sinai,1,30.9,32.48333
Sultanpur,1,25.93333,84.28333
Tomita,1,34.5,133.75
Treysa,1,50.91667,9.18333
Angelica,1,44.25,-88.25
Annaheim,1,52.33333,-104.86667
Cachari,1,-36.4,-59.5
Fillmore,1,49.88333,-103.6
Lost Creek,1,39.12417,-98.16778
Mount Magnet,1,-28.16667,118.5
Okechobee,1,26.68333,-80.8
Pampa de Agua Blanca,1,-24.16667,-69.83333
Petropavlovka,1,48.2,43.73333
Colby (Wisconsin),1,44.9,-90.28333
Cranganore,1,10.2,76.26667
Garhi Yasin,1,27.88333,68.53333
Independence,1,39.08333,-94.4
Nan Yang Pao,1,35.66667,103.5
Ranchapur,1,23.98333,87.08333
Sediköy,1,38.3,27.13333
Silistra,1,44.11667,27.26667
Strathmore,1,56.58333,-3.25
Troup,1,32.16667,-95.1
Bluff (b),1,29.86306,-96.92667
New Almelo,1,39.66667,-100.0
Pei Xian,1,34.7,117.0
Pierceville (iron),1,37.86667,-100.66667
Plainview (1917),1,34.11667,-101.78333
Tulia (a),1,34.61667,-101.95
Tulia (b),1,34.53333,-101.7
Waterville,1,47.76778,-119.87639
Youanmi,1,-29.5,118.75
Glasatovo,1,57.35,37.61667
Norfork,1,36.21667,-92.26667
Richardton,1,46.88333,-102.31667
Saratov,1,52.55,46.55
Tané,1,35.43333,136.23333
Witklip Farm,1,-26.0,30.0
Barbacena,1,-21.21667,-43.93333
Donnybrook,1,-33.61667,115.91667
Eustis,1,28.83333,-81.68333
Kimble County,1,30.41667,-99.4
Logan,1,36.58333,-100.2
Ogallala,1,41.16667,-101.66667
Thompson Brook,1,-33.61667,115.91667
Wood's Mountain,1,35.68333,-82.18333
Yenberrie,1,-14.25,132.01667
Adhi Kot,1,32.1,71.8
Bur-Gheluai,1,5.0,48.0
Cacak,1,43.83889,20.33333
Cumberland Falls,1,36.83333,-84.35
Raoyang,1,38.2,115.7
Rembang,1,-6.73333,111.36667
St. Mary's County,1,38.16667,-76.38333
Anthony,1,37.08333,-98.05
Freda,1,46.38333,-101.23333
Lake Brown,1,-31.0,118.5
Otchinjau,1,-16.5,14.0
Signal Mountain,1,32.5,-115.5
Somervell County,1,32.18333,-97.8
Zaffra,1,35.0,-94.75
Aguila Blanca,1,-30.86667,-64.55
Atarra,1,25.25417,80.625
Kushiike,1,37.05,138.38333
Merua,1,25.48333,81.98333
Simmern,1,49.98333,7.53333
Chinguetti,1,20.25,-12.68333
Hoba,1,-19.58333,17.91667
Mayodan,1,36.38333,-79.86667
Morrill,1,42.18333,-103.93333
San Francisco Mountains,1,35.0,-112.0
Tuzla,1,44.01667,28.63333
Unter-Mässing,1,49.09028,11.33333
Witchelina,1,-30.0,138.0
Wu-chu-mu-ch'in,1,45.5,118.0
Beyrout,1,33.88333,35.5
Haripura,1,28.38333,75.78333
Pitts,1,31.95,-83.51667
Rose City,1,44.51667,-83.95
Samelia,1,25.66667,74.86667
Sharps,1,37.83333,-76.7
Shikarpur,1,25.85,87.5775
Tuan Tuc,1,9.66667,105.66667
Cold Bay,1,55.18333,-162.55
Coolamon,1,-34.81667,147.13333
El Qoseir,1,26.28333,34.25
Franklin,1,36.71667,-86.56667
Kamioka,1,39.51667,140.36667
Milly Milly,1,-26.11667,116.66667
Navajo,1,35.33333,-109.5
Santa Luzia,1,-16.26667,-47.95
Uegit,1,3.81667,43.33333
Vaalbult,1,-29.75,22.5
Baldwyn,1,34.5,-88.66667
Florence,1,30.83333,-97.76667
Hedeskoga,1,55.46667,13.78333
Nagai,1,38.12167,140.06167
Patti,1,38.13333,14.96667
Tjerebon,1,-6.66667,106.58333
Dungannon,1,36.85,-82.45
Elsinora,1,-29.45,143.6
Glasgow,1,37.01667,-85.91667
Mesa Verde Park,1,37.16667,-108.5
Morden,1,-30.5,142.33333
New Baltimore,1,40.0,-78.85
Odessa (iron),1,31.71667,-102.4
Piedade do Bagre,1,-18.94167,-44.98333
Tieraco Creek,1,-26.33333,118.33333
Ashdon,1,52.05,0.3
Birni N'konni,1,13.76667,5.3
Holetta,1,9.06667,38.41667
Montferré,1,43.39056,1.9625
Nakhon Pathom,1,13.73333,100.08333
Serra de Magé,1,-8.38333,-36.76667
Allen,1,33.1,-96.7
Carbo,1,29.66667,-111.5
Coldwater (iron),1,37.26667,-99.33333
Dalgaranga,1,-27.71667,117.25
Goodland,1,39.35,-101.66667
Newport,1,35.6,-91.26667
Savannah,1,35.16667,-88.18333
Seneca Township,1,41.78333,-84.18333
Sierra Sandon,1,-25.16667,-69.28333
Woodward County,1,36.5,-99.5
Béréba,1,11.65,-3.65
Fenghsien-Ku,1,34.6,116.75
Forksville,1,36.78333,-78.08333
Johnstown,1,40.35,-104.9
La Colina,1,-37.33333,-61.53333
Muraid,1,24.5,90.21667
Olivenza,1,38.71667,-7.06667
Santa Isabel,1,-33.9,-61.7
Success,1,36.48333,-90.66667
Unkoku,1,34.8,127.0
Achilles,1,39.77667,-100.81333
Beeler,1,38.53333,-100.21667
Coldwater (stone),1,37.26667,-99.33333
Dermbach,1,50.71667,10.11667
Four Corners,1,37.0,-109.05
Huckitta,1,-22.36667,135.76667
Lake Labyrinth,1,-30.53333,134.75
Weekeroo Station,1,-32.26667,139.86667
Aïr,1,19.08333,8.38333
Chaves,1,41.93333,-7.46667
Ellemeet,1,51.75,4.0
Lanzenkirchen,1,47.75,16.23333
Numakai,1,43.33333,141.86667
Queen's Mercy,1,-30.11667,28.7
Renca,1,-32.75,-65.28333
Villarrica,1,-25.83333,-56.5
Glenormiston,1,-22.9,138.71667
Lebedinnyi,1,55.95,125.4
Morven,1,-44.81667,171.13333
Murchison Downs,1,-26.66667,119.0
Opava,1,49.96667,17.9
Patos de Minas (hexahedrite),1,-18.58333,-46.53333
Patos de Minas (octahedrite),1,-18.58333,-46.53333
Sandia Mountains,1,35.25,-106.5
Tacoma,1,47.25,-122.41667
Jajh deh Kot Lalu,1,26.75,68.41667
Komagome,1,35.73333,139.75
Lua,1,24.95,75.15
Ojuelos Altos,1,38.18333,-5.4
Palmyra,1,39.8,-91.5
Ulmiz,1,46.93333,7.21667
Urasaki,1,34.48333,133.28333
Deport,1,33.51667,-95.3
Oakley (iron),1,42.33333,-113.7
Okahandja,1,-21.98333,16.93333
Peck's Spring,1,32.0,-102.0
Vincent,1,-35.01667,139.91667
Weatherford,1,35.5,-98.7
Mamra Springs,1,45.21667,62.08333
Oesede,1,52.28333,8.05
Sopot,1,44.41667,23.5
Tilden,1,38.2,-89.68333
Trysil,1,61.3,12.3
Udei Station,1,7.95,8.08333
Ballinger,1,31.76667,-99.98333
Dix,1,41.23333,-103.48333
Genichesk,1,46.7,32.6
Hinojal,1,-32.36667,-60.15
Hugoton,1,37.2,-101.35
Pinnaroo,1,-35.38333,140.91667
Social Circle,1,33.7,-83.7
Ulysses,1,37.6,-101.25
Wallapai,1,35.8,-113.7
Washington County,1,39.7,-103.16667
Isthilart,1,-31.18333,-57.95
Naoki,1,19.25,77.0
Narellan,1,-34.05,150.68889
Oterøy,1,58.88333,9.4
Utzenstorf,1,47.11667,7.55
Yoshiki,1,34.16667,131.45
Adams County,1,39.96667,-103.76667
Cotesfield,1,41.36667,-98.63333
Hinojo,1,-36.86667,-60.16667
Lawrence,1,38.96667,-95.16667
Morro do Rocio,1,-27.0,-51.0
Orlovka,1,56.0,76.75
Piñon,1,32.66667,-105.1
Taicang,1,31.5,121.08333
Winona,1,35.2,-111.4
York (stone),1,40.86667,-97.6
Bald Mountain,1,35.96667,-82.48333
Beardsley,1,39.8,-101.2
Khmelevka,1,56.75,75.33333
Olmedilla de Alarcón,1,39.56667,-2.1
Padvarninkai,1,55.66667,25.0
Rewari,1,28.2,76.66667
Tauk,1,35.13333,44.45
Campbellsville,1,37.36667,-85.36667
Chihuahua City,1,28.66667,-106.11667
Grant,1,35.16667,-107.88333
Kappakoola,1,-33.25,135.53333
Krzadka,1,50.375,21.73333
Mellenbye,1,-28.85,116.28333
Ozona,1,30.73333,-101.3
Valley Wells,1,35.46667,-115.66667
Aguada,1,-31.6,-65.23333
Boriskino,1,54.23333,52.48333
Gyokukei,1,35.0,127.5
Karoonda,1,-35.08333,139.91667
Lillaverke,1,56.65,15.86667
Malampaka,1,-3.13333,33.51667
Miller (Arkansas),1,35.4,-92.05
Moorleah,1,-40.975,145.6
Oldenburg (1930),1,52.95,8.16667
Paragould,1,36.06667,-90.5
Plantersville,1,30.7,-96.11667
Bencubbin,1,-30.75,117.78333
Borrego,1,33.26667,-116.38333
Landes,1,38.9,-79.18333
Mbosi,1,-9.11667,33.06667
Miami,1,35.66667,-100.6
Tell,1,34.38333,-100.4
Uwharrie,1,35.51667,-79.96667
Zapata County,1,27.0,-99.0
Konovo,1,42.51667,26.16667
Malotas,1,-28.93333,-63.23333
Pontlyfni,1,53.03639,-4.31944
Tatahouine,1,32.95,10.41667
Wuzhi,1,35.13333,113.33333
Yukan,1,28.71667,116.61667
Alikatnima,1,-23.33333,134.11667
Bear Lodge,1,44.5,-104.2
Bruno,1,52.26667,-105.35
Clareton,1,43.7,-104.7
Henbury,1,-24.56667,133.16667
Ioka,1,40.25,-110.08333
Lafayette (stone),1,40.41667,-86.88333
Landor,1,-25.66667,117.0
Lost Lake,1,37.65,-105.73333
North Portugal,1,41.0,-8.0
Osseo,1,47.63333,-80.08333
Pine River,1,44.21667,-89.1
Springwater,1,52.0,-108.3
Suwahib (Buwah),1,20.05556,51.41667
Archie,1,38.5,-94.3
Douar Mghila,1,32.33333,-6.3
Gualeguaychú,1,-33.0,-58.61667
Khanpur,1,25.55,83.11667
Khor Temiki,1,16.0,36.0
Kuznetzovo,1,55.2,75.33333
Prambachkirchen,1,48.3025,13.94083
Witsand Farm,1,-28.66667,18.91667
Altonah,1,40.56667,-110.48333
Baquedano,1,-23.3,-69.88333
Boerne,1,29.8,-98.8
Cowell,1,-33.3,136.01667
Cushing,1,35.96667,-96.76667
Deelfontein,1,-30.18333,23.26667
Föllinge,1,63.73333,14.85
Guanghua,1,32.4,111.7
Junction,1,30.5,-99.83333
Kyancutta,1,-33.28333,136.0
Lanton,1,36.53333,-91.8
Naifa,1,19.93333,51.21667
Nordheim,1,28.86667,-97.61667
Suwahib (Adraj),1,20.01667,50.93333
Suwahib ('Ain Sala),1,19.95556,51.03333
Umm Tina,1,19.02778,51.08333
Wagon Mound,1,35.84083,-104.58583
Athens,1,34.75,-87.0
Banten,1,-6.33333,106.0
Brient,1,52.13333,59.31667
Chajari,1,-30.78333,-58.05
Cherokee Springs,1,35.03333,-81.88333
Dyarrl Island,1,-3.0,151.0
Malaga,1,32.21667,-104.0
Malvern,1,-29.45,26.76667
Noyan-Bogdo,1,42.91667,102.46667
Pasamonte,1,36.21667,-103.4
Pervomaisky,1,56.63333,39.43333
Pesyanoe,1,55.5,66.08333
Phum Sambo,1,12.0,105.48333
Po-wang Chen,1,31.41667,118.5
Repeev Khutor,1,48.6,45.66667
Sioux County,1,42.58333,-103.66667
Zemaitkiemis,1,55.3,25.0
Bushman Land,1,-30.0,20.0
Grady (1933),1,34.8,-103.31667
Harrisonville,1,38.65,-94.33333
Hobbs,1,32.73333,-103.1
Hobbs (b),1,32.73333,-103.1
Holyoke,1,40.56667,-102.3
La Lande,1,34.45,-104.13333
Lake Murray,1,34.1,-97.0
Loomis,1,40.46667,-99.5
Marsland,1,42.45,-103.3
Melrose (a),1,34.38333,-103.61667
Roy (1933),1,35.95,-104.2
Shafter Lake,1,32.4,-102.58333
Bahjoi,1,28.48333,78.5
Capilla del Monte,1,-30.88333,-64.55
Farmville,1,35.55,-77.53333
Fayetteville,1,36.05,-94.16667
Hainaut,1,50.31667,3.73333
Mangwendi,1,-17.65,31.6
Rio Negro,1,-26.1,-49.8
Rumuruti,1,0.26667,36.53333
Sazovice,1,49.23333,17.56667
Tirupati,1,13.63333,79.41667
Amber,1,35.16667,-97.88333
Bennett County,1,43.5,-101.25
Cope,1,39.66667,-102.83333
Glen Rose (iron),1,32.25,-97.71667
Gruver,1,36.33333,-101.4
Kearney,1,40.68333,-99.06667
Nashville (iron),1,35.96667,-77.96667
Para de Minas,1,-19.86667,-44.61667
Round Top (a),1,30.05806,-96.65139
Roy (1934),1,35.95,-104.2
Spearman,1,36.25,-101.21667
Taiban,1,34.45,-104.01667
Tryon,1,41.55,-100.96667
Vigo Park,1,34.68333,-101.38333
Weldona,1,40.35,-103.95
Willard (b),1,34.5,-105.83333
Łowicz,1,52.0,19.91667
Madiun,1,-7.75,111.53333
Nikolaevka,1,52.45,78.63333
Patwar,1,23.15,91.18333
Perpeti,1,23.325,91.0
Sungach,1,44.86667,133.16667
Carver,1,32.0,-86.0
Hasparos,1,34.0,-105.5
Hawk Springs,1,41.78333,-104.28333
Maria Elena (1935),1,-22.33333,-69.66667
McAddo,1,33.75,-100.93333
Naruna (a),1,30.95,-98.26667
New Mexico,1,34.5,-107.0
Nullarbor,1,-31.0,132.0
Paloduro,1,34.9,-101.21667
Phillips County (pallasite),1,40.45,-102.38333
Pine Bluffs,1,41.18333,-104.06667
Pleasanton,1,38.18333,-94.71667
Quartz Mountain,1,37.2,-116.7
Crescent,1,35.95,-97.58333
Ichkala,1,58.2,82.93333
Macibini,1,-28.83333,31.95
Nassirah,1,-21.73333,165.9
Yurtuk,1,47.31667,35.36667
Adrian,1,35.15,-102.71667
Aiken,1,34.2,-101.5
Arriba,1,39.3,-103.25
Cashion,1,35.84778,-97.70333
Channing,1,35.71667,-102.28333
Cuero,1,29.01667,-97.28333
Elkhart,1,37.01667,-101.88333
Elton,1,33.71667,-100.83333
Farley,1,36.33333,-104.05
Gladstone (stone),1,36.3,-104.0
Grant County,1,37.46667,-101.43333
Great Bear Lake,1,66.0,-120.0
Hale Center (no. 1),1,34.05,-101.75
Hale Center (no. 2),1,34.05,-101.75
Hugo (stone),1,39.13333,-103.48333
Karval,1,38.71667,-103.51667
Livingston (Montana),1,45.6,-110.58333
Marlow,1,34.6,-97.91667
Muroc,1,34.91667,-117.83333
Muroc Dry Lake,1,34.91667,-117.83333
Negrillos,1,-19.88333,-69.83333
New Leipzig,1,46.36667,-101.95
Ouallen,1,24.16667,0.08333
Phulmari,1,20.13333,75.5
Rolla (1936),1,37.11667,-101.6
Sanderson,1,30.13333,-102.15
Seneca,1,39.83333,-96.06667
Shallowater,1,33.7,-101.93333
Ute Creek,1,36.2,-103.9
Wray (a),1,40.05,-102.2
Belville,1,-32.33333,-64.86667
Kainsaz,1,55.43333,53.25
Kaptal-Aryk,1,42.45,73.36667
Mabwe-Khoywa,1,19.0,97.0
Putinga,1,-29.03333,-53.05
Rangala,1,25.38333,72.01667
Tauti,1,46.71667,23.5
Alamosa,1,37.46667,-105.86667
Arcadia,1,41.41667,-99.1
Beenham,1,36.21667,-103.65
Boxhole,1,-22.61667,135.2
Brady,1,31.05,-99.46667
Bristol,1,36.56667,-82.18333
Broken Bow,1,41.43333,-99.7
Brownfield (1937),1,33.21667,-102.18333
Casilda,1,-33.1,-61.13333
Cedar (Kansas),1,39.7,-98.98333
Clark County,1,38.0,-84.16667
Coolidge,1,38.03333,-101.98333
Erofeevka,1,51.86667,70.35
Farnum,1,40.25,-100.23333
Ferguson Switch,1,34.0,-101.5
Grady (1937),1,34.8,-103.31667
Gundaring,1,-33.3,117.66667
Hardwick,1,43.8,-96.16667
Haviland (a),1,37.61667,-99.1
Holly,1,38.06667,-102.1
Horse Creek,1,37.58333,-102.76667
Ingalls,1,37.83333,-100.45
Johnson City,1,37.55,-101.68333
Kaalijarv,1,58.4,22.66667
Kelly,1,40.46667,-103.03333
Korrelocking,1,-26.0,122.0
Kumerina,1,-24.91667,119.41667
Ladder Creek,1,38.61667,-101.63333
Laketon,1,35.56667,-100.66667
Lincoln County,1,39.36667,-103.16667
Little Spring Creek,1,37.68333,-105.7
Livingston (Tennessee),1,36.41667,-85.25
Los Sauces,1,-29.41667,-66.85
Mount Morris (Wisconsin),1,44.0,-89.25
Mrirt,1,33.13333,-5.56667
Novorybinskoe,1,51.88333,71.25
Peetz,1,40.95,-103.08333
Scurry,1,32.5,-101.0
Shaw,1,39.53333,-103.33333
Smith Center,1,39.83333,-99.01667
Springfield,1,37.38333,-102.63333
Springfield (b),1,37.48333,-102.67667
Texline,1,36.4,-103.01667
Waldo,1,39.1,-98.83333
Whitman,1,42.03333,-101.5
Wonyulgunna,1,-24.91667,120.06667
Yalgoo,1,-28.38333,116.71667
Aztec,1,36.8,-108.0
Benld,1,39.08333,-89.15
Bloomington,1,40.48,-89.00417
Chicora,1,40.93333,-79.73333
Ivuna,1,-8.41667,32.43333
Kasamatsu,1,35.36667,136.76667
Kukschin,1,51.15,31.7
Lavrentievka,1,52.45,51.56667
Pantar,1,8.06667,124.28333
Pavlodar (stone),1,52.3,77.03333
Zhovtnevyi,1,47.58333,37.25
Agua Blanca,1,-28.91667,-66.95
Alamogordo,1,32.9,-105.93333
Apex,1,39.75,-105.2
Atlanta,1,31.8,-92.75
Aurora,1,36.33333,-105.05
Bartlett,1,30.83333,-97.5
Bonita Springs,1,26.26667,-81.75
Calico Rock,1,36.08333,-92.15
Cavour,1,44.22149,-98.05919
Chebankol,1,53.66667,88.0
El Simbolar,1,-30.63333,-64.88333
Garnett,1,38.26667,-95.25
Goose Lake,1,41.98,-120.54167
Harriman (Om),1,35.95,-84.56667
Howe,1,33.5,-96.6
Juarez,1,-37.55,-60.15
Lubbock,1,33.6,-101.73333
Metsäkylä,1,60.65,27.06667
Monahans (1938),1,31.48333,-102.88333
Mukinbudin,1,-30.91667,118.2
Nazareth (a),1,34.5,-102.25
Ness County (1938),1,38.48333,-99.91667
Ransom,1,38.61667,-99.93333
Romero,1,35.76667,-102.95
Rush Creek,1,38.61667,-102.71667
Sandtown,1,35.93333,-91.63333
Shohaku,1,40.31667,126.91667
Silverton (Texas),1,34.53333,-101.18333
Soper,1,34.03333,-95.58333
St. Ann,1,40.45,-100.75
Tatum,1,33.23333,-103.44167
Wiley,1,38.15,-102.66667
Wray (b),1,40.33083,-102.19583
Andura,1,20.88333,76.86667
Chervony Kut,1,50.83333,34.0
Dresden (Ontario),1,42.52,-82.26
Ekeby,1,56.03333,13.0
Glanggang,1,-7.25,107.7
Kendleton,1,29.45,-96.0
Nyaung,1,21.20833,94.91667
Santa Cruz,1,24.16667,-99.33333
Selakopi,1,-7.23333,107.33333
Washougal,1,45.58333,-122.35
Bolshaya Korta,1,57.63333,83.36667
Bushnell,1,41.23333,-103.9
Concho,1,32.0,-101.5
Coomandook,1,-35.41667,139.75
Edmonton (Canada),1,53.66667,-113.41667
El Burro,1,29.33333,-101.83333
Hat Creek,1,42.91667,-104.41667
Indianola,1,40.23333,-100.41667
Keyes,1,36.71667,-102.5
Maldyak,1,63.33333,148.16667
Mapleton,1,42.18333,-95.71667
McLean,1,35.23333,-100.6
Nashville (stone),1,37.45,-98.41667
Newsom,1,37.6,-105.83333
Ovid,1,40.96667,-102.4
Pierceville (stone),1,37.86667,-100.66667
Rolla (1939),1,37.11667,-101.6
Round Top (b),1,30.06667,-96.7
Silver Bell,1,32.48333,-111.56667
Tawallah Valley,1,-15.7,135.66667
Wathena,1,39.81667,-94.91667
Zlin,1,49.25,17.66667
Bhola,1,22.68333,90.65
Erakot,1,19.03333,81.89167
Kediri,1,-7.75,112.01667
Ramnagar,1,26.45,82.9
Semarkona,1,22.25,79.0
Akron (1940),1,40.15,-103.16667
Arapahoe,1,38.8,-102.2
Argonia,1,37.26667,-97.76667
Beaver,1,36.8,-100.53333
Brewster,1,39.25,-101.33333
Briscoe,1,34.35,-101.4
Burdett,1,38.23333,-99.53333
Colby (Kansas),1,39.41667,-101.05
Comanche (iron),1,32.01667,-98.7
Cortez,1,37.35,-108.68333
Cranfills Gap,1,31.75,-97.75
Davy (a),1,29.1,-97.6
De Nova,1,39.85,-102.95
Dwight,1,38.85,-96.58333
Emsland,1,53.1,7.2
Fleming,1,40.68333,-102.81667
Horace,1,38.35,-101.78333
Lamont,1,38.07778,-96.02639
Leander,1,30.6,-97.9
Linwood,1,41.43333,-96.96667
Lusk,1,42.76667,-104.35
Moama,1,-35.95,144.51667
Norcateur,1,39.81667,-100.2
Otis,1,38.53333,-99.05
Parma Canyon,1,43.8,-117.0
Rosamond Dry Lake,1,34.83333,-118.06667
Sardis,1,32.94889,-81.865
Seymour,1,37.2375,-92.78694
Smithonia,1,34.0,-83.16667
Wellman (a),1,33.03333,-102.33333
Wickenburg (stone),1,33.96667,-112.73333
Wilburton,1,37.08333,-101.76667
Black Moshannan Park,1,40.91667,-78.08333
Mafra,1,-26.16667,-49.93333
Maridi,1,4.66667,29.25
Phuoc-Binh,1,15.71667,108.1
Abernathy,1,33.85,-101.8
Bethune,1,39.3,-102.41667
Burgavli,1,66.4,137.46667
Caroline,1,-37.98333,140.98333
Chamberlin,1,36.2,-102.45
Dalgety Downs,1,-25.33333,116.18333
Harding County,1,45.5,-103.5
Hatfield,1,34.48333,-94.45
Hayes Center,1,40.51667,-101.03333
Lorenzo,1,41.03333,-102.88333
Mereta,1,31.42611,-100.13333
Mount Egerton,1,-24.76667,117.7
New Westville,1,39.8,-84.81667
Potter,1,41.23333,-103.3
Rolla (1941),1,37.08333,-101.6
Seibert (a),1,39.3,-102.83333
Sidney,1,41.05,-102.9
Slaton,1,33.43333,-101.75
Vera,1,-29.91667,-60.28333
Ankober,1,9.53333,39.71667
Bununu,1,10.01667,9.58333
Forest Vale,1,-33.35,146.85833
Kamalpur,1,26.03333,81.46667
Kapoeta,1,4.7,33.63333
Maziba,1,-1.21667,30.0
Parsa,1,26.2,85.4
Pollen,1,66.34833,14.015
Aggie Creek,1,64.88333,-163.16667
Dimmitt,1,34.58333,-102.16667
Edmonton (Kentucky),1,37.03333,-85.63333
El Timbu,1,-33.11667,-60.96667
Mosca,1,37.63333,-105.83333
Mount Sir Charles,1,-23.83333,134.03333
Naruna (b),1,30.95,-98.28333
Republican River,1,40.08333,-98.91667
Rolla (d),1,37.08333,-101.6
San Carlos,1,-35.53333,-58.76667
Stonington,1,37.28333,-102.2
Valentine,1,42.93333,-100.75
Benoni,1,-26.16667,28.41667
Duwun,1,33.43333,127.26667
Leedey,1,35.88333,-99.33333
Axtell,1,31.66,-96.97167
Belly River,1,49.5,-113.0
Koraleigh,1,-35.1,143.4
Leon,1,37.66667,-96.76667
Mertzon,1,31.26667,-100.83333
Moorumbunna,1,-28.91667,136.25
Ovid (b),1,40.75833,-102.375
Fort Flatters,1,28.25,7.0
Hallingeberg,1,57.81667,16.23333
Mike,1,46.23333,17.53333
Mtola,1,-11.5,33.5
Torrington,1,42.06667,-104.16667
Tulung Dzong,1,30.0,90.75
Valdavur,1,11.98333,79.75
Deport (a),1,33.51667,-95.3
Dimboola,1,-36.5,142.03333
Drum Mountains,1,39.5,-112.9
Garden Head,1,49.81667,-108.46
Lockney,1,34.15,-101.3
Nardoo (no. 1),1,-29.53333,143.98333
Nardoo (no. 2),1,-29.5,144.06667
Oubari,1,26.8,13.58333
Puente-Ladron,1,34.4,-106.85
San José,1,24.7,-99.08333
Twentynine Palms,1,34.075,-116.01667
Ultuna,1,59.81667,17.66667
Wilmot,1,37.38333,-96.86667
Atoka,1,34.31667,-96.15
Fuhe,1,31.47556,113.56694
Meru,1,0.0,37.66667
Soroti,1,1.7,33.63333
Cocunda,1,-32.81667,134.8
Harrison Township,1,38.33333,-101.71167
Isoulane-n-Amahar,1,27.12917,8.66722
Laguna Manantiales,1,-48.58333,-67.41667
Norquín,1,-37.71667,-70.61667
Tostado,1,-29.23333,-61.76667
Wynella,1,-28.95,148.13333
Bursa,1,40.2,29.23333
Krasnyi Klyuch,1,54.33333,56.08333
Krymka,1,47.83333,30.76667
Peña Blanca Spring,1,30.125,-103.11667
Walters,1,34.33333,-98.3
Binneringie,1,-31.4875,122.12389
Bluewater,1,35.26667,-107.96667
Cockburn,1,-32.13333,141.03333
Itzawisis,1,-26.26667,18.18333
Jenkins,1,36.82444,-93.76111
Kinsella,1,53.2,-111.43333
Yudoma,1,60.0,140.0
Eagle,1,40.78167,-96.47167
Git-Git,1,9.6,9.91667
Långhalsen,1,58.85,16.73333
Reliegos,1,42.475,-5.33333
Seldebourak,1,22.83333,4.98333
Sikhote-Alin,1,46.16,134.65333
Acme,1,33.63333,-104.26667
Amherst,1,40.8,-99.2
Casimiro de Abreu,1,-22.46667,-42.21667
Harriman (Of),1,35.95,-84.56667
Hill City,1,39.36667,-99.85
Kalkaska,1,44.64694,-85.13667
Penokee,1,39.35,-99.91667
Pima County,1,32.2,-111.0
Pony Creek,1,31.66333,-99.95
Sand Draw,1,40.81667,-102.25
Wolf Creek,1,-19.3,127.76667
Mardan,1,34.23333,72.08333
Norton County,1,39.68333,-99.86667
Uzcudun,1,-44.11667,-66.15
Bogoslovka,1,52.5,68.8
Cimarron,1,37.85,-100.35
Dorrigo,1,-30.28333,152.66667
Duketon,1,-27.5,122.36667
Ellis County,1,38.78333,-99.33333
Forrest Lakes,2,-29.5,129.20834
Gail,1,32.7,-101.6
Kielpa,1,-33.6,136.1
Lasher Creek,1,42.83333,-74.5
Modoc (1948),1,38.5,-101.1
Neenach,1,34.8,-118.5
Olton,1,34.16722,-102.13361
Reager,1,39.78333,-100.0
Rifle,1,38.51667,-107.83333
Rush County,1,39.5,-85.5
Sarratola,1,24.4,81.88333
Waltman,1,43.0,-107.16667
Adzhi-Bogdo (stone),1,44.83333,95.16667
Akaba,1,29.51667,35.05
Alberta,1,2.0,22.66667
Beddgelert,1,53.01667,-4.1
Benton,1,45.95,-67.55
Guidder,1,9.91667,13.98333
Ibrisim,1,38.0,35.0
Karewar,1,12.9,7.15
Kunashak,1,55.78333,61.36667
Mezel,1,45.76667,3.25
Palolo Valley,1,21.3,-157.78333
Rupota,1,-10.26667,38.76667
Vetluga,1,57.8,45.8
Albin (stone),1,41.41667,-104.1
Almelo Township,1,39.6,-100.11667
Briggsdale,1,40.66667,-104.31667
Cocklebiddy,1,-31.93333,126.21667
Dadin,1,-38.91667,-69.2
Dimitrovgrad,1,43.04639,22.86389
Mission,1,43.31667,-100.76667
Preobrazhenka,1,53.7,79.5
Seligman,1,35.28333,-112.86667
Arroyo Aguiar,1,-31.41667,-60.66667
Garland,1,41.68333,-112.13333
Geidam,1,12.91667,11.91667
Madhipura,1,25.91667,86.36667
Monte das Fortes,1,38.01667,-8.25
Monze,1,-15.96667,27.35
Murray,1,36.6,-88.1
Patrimonio,1,-19.53333,-48.56667
St. Louis,1,38.7,-90.23333
Thal,1,33.4,70.6
Tromøy,1,58.47333,8.86667
Vengerovo,1,56.13333,77.26667
Barcis,1,46.1,12.35
Barwise,1,34.0,-101.5
Bealiba,1,-36.8,143.55
Belle Plaine,1,37.31667,-97.25
Clinton,1,36.08333,-84.2
Colorado Springs,1,38.83333,-104.83333
Densmore (1950),1,39.56583,-99.64722
El Paso,1,31.78333,-106.23333
Gahanna,1,40.01667,-82.86667
Guadaloupe County,1,29.5,-98.0
Hammond Downs,1,-25.46667,142.8
Haven,1,37.96417,-97.75583
Holliday,1,33.75,-98.83333
Keen Mountain,1,37.21667,-82.0
Kingfisher,1,35.83333,-97.93333
Kuga,1,34.1,132.08333
Melvern Lake,1,38.525,-95.78056
Miller (Kansas),1,38.625,-96.02278
Muckera,19,-30.27247,130.03064
Nieder Finow,1,52.83333,13.93333
Nuevo Laredo,1,27.5,-99.5
Plainview (1950),1,34.11667,-101.78333
Santa Rosalia,1,27.33333,-112.33333
Sterley,1,34.21,-101.39
Tambo Quemado,1,-14.66667,-74.5
Withrow,1,47.70667,-119.83
Aarhus,1,56.18333,10.23333
Dubrovnik,1,42.45833,18.44167
Elenovka,1,47.83333,37.66667
Kalaba,1,-6.83333,29.5
Lusaka,1,-7.21667,29.43333
Manych,1,45.81667,44.63333
Yambo,1,1.0,22.5
Abbott,1,36.3,-104.28333
Benthullen,1,53.05,8.1
Chico Hills,1,36.0,-104.5
Esquel,1,-42.9,-71.33333
Haig,1,-31.38333,125.63333
Hesston,1,38.11667,-97.43333
Holman Island,1,70.73333,-117.75
Kress (a),1,34.35833,-101.73
Richland,1,31.9,-96.4
Tafoya (a),1,36.45,-104.1
Tafoya (b),1,36.45,-104.1
Wedderburn,1,-36.43333,143.63333
Willowdale,1,37.53333,-98.36667
Abee,1,54.21667,-113.0
Avanhandava,1,-21.46028,-49.95083
Galim (a),1,7.05,12.43333
Galim (b),1,7.05,12.43333
Min-Fan-Zhun,1,32.33333,120.66667
Zavetnoe,1,47.13333,43.9
Adzhi-Bogdo (iron),1,44.86667,95.41667
Daoura,1,29.58333,-3.75
El-Oued,1,31.53333,8.88333
Faith,1,45.33333,-102.08333
Fort Stockton,1,30.91667,-103.06667
King Solomon,1,-20.69944,139.80417
Klamath Falls,1,42.16667,-121.85
Ozren,1,44.6125,18.41806
Picacho,1,33.2,-105.0
Rawlinna,2,-30.76667,125.675
Sublette,1,37.5,-100.83333
View Hill,1,-43.32,172.06333
Medanitos,1,-27.25,-67.5
Molteno,1,-31.25,26.46667
Peckelsheim,1,51.66667,9.25
Dresden (Kansas),1,39.61667,-100.46306
Lombard,1,46.1,-111.4
Roper River,1,-15.0,135.0
Turtle River,1,47.6,-94.76667
Ventura,1,34.25,-119.3
Woodbine,1,42.34667,-90.1675
Arbol Solo,1,-33.0,-66.0
Hökmark,1,64.43333,21.2
Ishinga,1,-8.93333,33.8
Nikolskoe,1,56.11667,37.33333
Sylacauga,1,33.18836,-86.2945
Yangchiang,1,21.83333,111.83333
as-Sanam,1,22.75,51.16667
Chico,1,36.5,-104.2
Clover Springs,1,34.45,-111.36667
El Rancho Grande,1,37.0,-105.0
Flagg,1,34.43333,-102.51667
Ghubara,1,19.22778,56.14278
Giroux,1,49.61667,-96.55
Jerome (Idaho),1,42.63333,-114.83333
Manlai,1,44.33333,106.5
Palmas de Monte Alto,1,-14.3675,-43.02278
Palo Blanco Creek,1,36.5,-104.5
Pinto Mountains,1,34.0,-115.78333
Point of Rocks (stone),1,36.5,-104.5
Tarfa,1,19.5,55.5
Thoreau,1,35.28333,-108.26667
Umbarger,1,34.95,-102.1175
Karloowala,1,31.58333,71.6
Lahrauli,1,26.78333,82.71667
Messina,1,38.18333,15.56667
Zvonkov,1,50.2,30.25
al-Jimshan,1,20.7,52.83333
ar-Rakhbah,1,20.6,52.5
Aswan,1,23.98611,32.62361
Bellsbank,1,-28.08333,24.08333
Cottonwood,1,34.83333,-112.01667
Dora (pallasite),1,33.92667,-103.955
Edmonson (a),1,34.28333,-101.83333
Gressk,1,53.23333,27.33333
Hope,1,33.68333,-93.6
Lakewood,1,32.62972,-104.35
Landreth Draw,1,37.25,-98.13333
Marion (Kansas),1,38.36667,-97.03333
Mayday,1,39.47444,-96.925
Rub' al-Khali,3,20.0,50.0
Thule,1,76.53333,-67.55
Twin City,1,32.58333,-82.01667
Wellington,1,34.95,-100.25
Zenda,1,42.51333,-88.48944
Breitscheid,1,50.66694,8.18361
Centerville,1,43.2,-96.91667
Hotse,1,35.66667,115.5
Idutywa,1,-32.1,28.33333
Nadiabondi,1,12.0,1.0
Paranaiba,1,-19.13333,-51.66667
San Pedro de Quiles,1,-31.01667,-71.4
Sinnai,1,39.3,9.2
Bondoc,1,13.51667,122.45
Comanche (stone),1,31.99167,-98.65167
Crocker's Well,1,-32.01667,139.78333
Dispatch,1,39.5,-98.53333
Dumas (a),1,35.9,-101.9
Hechi,1,24.7,108.0
Kaldoonera Hill,1,-32.61667,134.85
Kybunga,1,-33.9,138.48333
La Villa,1,26.27167,-97.90167
Lake Grace,1,-33.06667,118.21667
Nicolás Levalle,1,-38.85028,-62.87889
Point of Rocks (iron),1,36.5,-104.5
Seguin,1,39.36667,-100.63333
Tamir-Tsetserleg,1,47.45,101.47917
Tianlin,1,24.3,106.1
Trifir,1,20.05,-1.68333
Walltown,1,37.325,-84.71667
Zerkaly,1,52.13333,81.96667
Al Rais,1,24.41667,39.51667
Distrito Quebracho,1,-31.88333,-60.46667
Essebi,1,2.88333,30.83333
Ibitira,1,-20.0,-45.0
Raco,1,-26.66667,-65.45
Ufana,1,-4.26667,35.35
Canyon,1,34.96667,-101.93333
Dale Dry Lake,1,34.08333,-115.78333
Forestburg (a),1,33.50667,-97.65139
Forestburg (b),1,33.49556,-97.58861
Ider,1,34.68333,-85.65
Shangdu,1,42.5,114.0
South Dahna,1,22.56667,48.3
St. Peter,1,39.4,-100.03333
Susuman,1,62.72139,148.13028
Yorktown (Texas),1,28.95,-97.40278
Okabe,1,36.18333,139.21667
Ramsdorf,1,51.88333,6.93333
Belmont,1,42.73333,-90.35
Bir Hadi,1,19.41667,51.03333
Bison,1,38.30667,-99.71
Calliham,1,28.41667,-98.25
Crow Peak,1,44.47733,-103.972
Governador Valadares,1,-18.85,-41.95
Hajmah (a),1,19.91667,56.25
Hajmah (b),1,19.91667,56.25
Hajmah (c),1,19.91667,56.25
Massenya,1,11.35,16.15
Nantan,1,25.1,107.7
Ridgecrest,1,35.58333,-117.56667
Santiago Papasquiero,1,24.5,-106.0
Sombrerete,1,23.63333,-103.66667
South Oman,1,21.0,56.66667
Wingellina,1,-26.05,128.95
Akwanga,1,8.91667,8.43333
Hamlet,1,41.38333,-86.6
Kandahar (Afghanistan),1,31.6,65.78333
Pribram,1,49.66667,14.03333
St.-Chinian,1,43.43333,2.95
Yardymly,1,38.93333,48.25
Alatage,1,42.33333,93.0
Algarrobo,1,-27.08333,-70.58333
Bagdad,1,34.61332,-113.39897
Cee Vee,1,34.2,-100.48333
Elga,1,64.7,141.2
Liangcheng,1,40.5,112.5
Lismore,1,-35.95,143.33333
Portis,1,39.56667,-98.68333
Temple,1,31.11667,-97.3
Bruderheim,1,53.9,-112.88333
Gao-Guenie,1,11.65,-2.18333
Millbillillie,1,-26.45,120.36667
Soheria,1,27.13333,84.06667
Woolgorong,1,-27.75,115.83333
al-Ghanim (iron),1,19.83333,54.08333
al-Ghanim (stone),1,19.7,53.96667
Arrabury,1,-26.5,141.08333
as-Su'aydan,1,21.25417,55.305
Barbianello,1,45.05778,9.19556
Brownfield (iron),1,33.21667,-102.18333
Calcalong Creek,1,-26.45,120.36667
Cleo Springs,1,36.43333,-98.43333
De Hoek,1,-29.38333,23.1
Ellicott,1,38.80778,-104.56944
Fuling,1,29.7,107.4
Itutinga,1,-21.33333,-44.66667
Midland,1,44.75,-79.88333
Muenatauray,1,4.9,-61.2
Odessa (stone),1,46.5,30.76667
Richa,1,10.0,9.0
Riverton,1,50.94,-96.99167
São João Nepomuceno,1,-21.55,-43.01667
Selden,1,39.53333,-100.56667
Stoneham,1,40.63783,-103.69717
Um Habib,1,21.5,50.5
Venus,1,32.4,-97.08333
Watonga,1,35.83333,-98.4
Bells,1,33.6,-96.46667
Djermaia,1,12.73333,15.05
Ehole,1,-17.3,15.83333
Harleton,1,32.675,-94.51167
Kayakent,1,39.26333,31.78
Kulak,1,30.73111,66.80222
Ras Tanura,1,26.66667,50.15
ad-Dahbubah,1,19.83333,51.25
Akron (1961),1,40.15,-103.16667
Anoka,1,45.2,-93.43333
ash-Shalfah,1,21.875,49.71944
Batesland,1,43.13333,-102.1
Caldwell,1,37.03333,-97.625
Canyonlands,1,38.18333,-109.88333
Clovis (no. 1),1,34.3,-103.13472
Duncanville,1,32.63333,-96.86667
Eunice,1,34.47,-101.75833
Kennard,1,41.48333,-96.16667
Kargapole,1,55.88333,64.3
Lake Bonney,1,-37.75,140.3
Lazarev,1,-71.95,11.5
Leoville,1,39.63333,-100.46722
North Haig,1,-30.21667,126.21667
Oshkosh,1,44.07694,-88.56278
Rhineland,1,33.53333,-99.61667
Seminole,1,32.68333,-102.61667
Sweetwater,1,32.55,-100.41667
Bogou,1,12.5,0.7
Desuri,1,25.73333,73.61667
Dosso,1,13.05,3.16667
Kiel,1,54.4,10.15
São Jose do Rio Preto,1,-20.81,-49.38056
Ste. Marguerite,1,50.76667,3.0
Zagami,1,11.73333,7.08333
Acomita,1,35.05,-107.56667
Balfour Downs,1,-22.75,120.83333
Billygoat Donga,1,-30.13333,126.36667
Bowesmont,1,48.68333,-97.16667
Budulan,1,50.56667,114.9
Clifford,1,39.1,-103.25833
Coonana,1,-29.85,140.7
Coronel Arnold,1,-33.06667,-61.0
Efremovka,1,52.5,77.0
Emery,1,43.56333,-97.58333
Finney,1,34.26667,-101.56667
Hunter,1,36.56,-97.66667
Loop,1,32.9,-102.28333
Manitouwabing,1,45.44,-79.87556
Needles,1,34.44417,-114.8325
Nora Creina,1,-37.31667,139.85
Oberon Bay,1,-39.06667,146.35
Rowena,1,-29.8,148.63333
Seagraves,1,32.93333,-102.58333
Shields,1,38.7,-100.35
Sierra County,1,33.0,-107.5
Slovak,1,34.65,-91.58333
Thiel Mountains,83,-85.18042,-93.97234
Toulon,1,41.11667,-89.80833
Two Buttes (a),1,37.63333,-102.41667
Valkeala,1,61.05,26.83333
Vulcan,1,50.51667,-113.13333
Williston,1,47.98333,-103.65
Hoxie,1,39.35,-100.45
Inner Mongolia,1,41.0,112.0
Karatu,1,-3.5,35.58333
Ohuma,1,6.75,8.5
Peace River,1,56.13333,-117.93333
Usti Nad Orlici,1,49.975,16.375
Zaisan,1,47.5,83.0
Atwood,1,40.51667,-103.26667
Buckleboo,1,-32.95556,136.1375
Carnegie,1,35.16667,-98.64389
Clovis (no. 2),1,34.3,-103.13333
Crosbyton,1,33.66667,-101.26667
Fremont Butte,1,38.5,-105.5
Hassayampa,1,33.75,-112.66667
Jonah,1,30.625,-97.53333
Lahoma,1,36.38333,-98.08333
Lucerne Valley,63,34.4928,-116.95553
Monte Colina,1,-29.4,139.98333
Mosquero,1,35.75,-103.93333
Mulberry Draw,1,35.63333,-100.13333
Mulga (south),1,-30.2,126.36667
Northampton,1,42.31667,-72.63333
Plainview (c),1,34.125,-101.75667
Salla,1,66.8,28.45
Talpa,1,31.86667,-99.58333
Tobe,1,37.2,-103.58333
Waka,1,36.15,-101.05
Warburton Range,1,-26.28333,126.66667
Çanakkale,1,39.8,26.6
Chernyi Bor,1,53.7,30.1
Granes,1,42.9,2.25
Jiange,1,31.91667,104.91667
Muzaffarpur,1,26.13333,85.53333
Wolamo,1,9.0,39.0
Atwood (b),1,40.51667,-103.26667
Brownfield (1964),1,33.21667,-102.18333
Changxing,1,31.33333,121.66667
Claytonville,1,34.34667,-101.49
Corowa,1,-36.0,146.36667
Frenchman Bay,1,-30.60833,115.16667
Grassland,1,33.11667,-101.58333
Karasburg,1,-27.66667,18.96667
Leshan,1,29.6,103.7
Loop (b),1,32.99167,-102.38833
Loop (c),1,32.98333,-102.38833
Mayerthorpe,1,53.775,-115.03333
Mount Padbury,1,-25.66667,118.1
Mulga (north),1,-30.18333,126.36667
Muslyumovo,1,55.3,53.2
Neptune Mountains,1,-83.25,-55.0
Plains,1,33.28333,-102.76667
Pomozdino,1,62.2,54.16667
San Luis,1,-33.33333,-66.38333
Sargiin Gobi,1,45.9835,105.75883
Stratton,1,39.22167,-102.59
Sutton,1,40.6,-97.86667
Wellman (b),1,33.025,-102.41667
Wellman (c),1,33.03333,-102.33333
Yingde,1,24.2,113.4
Barwell,1,52.56528,-1.33972
Conquista,1,-19.85,-47.55
Revelstoke,1,51.33333,-118.95
Taonan,1,45.4,122.9
Anton,1,33.7825,-102.18111
Bocaiuva,1,-17.16667,-43.83333
Burnabbie,1,-32.05,126.16667
Catherwood,1,51.965,-107.43833
Del Rio,1,29.36667,-100.96667
Dingo Pup Donga,1,-30.43333,126.1
Erie,1,40.03167,-105.05667
Etter,1,35.98333,-101.9
Eva,1,36.81667,-101.90833
Ferintosh,1,52.8,-112.98333
Guangyuan,1,32.4,105.9
Hamilton (Texas),1,31.59333,-98.25
Hautes Fagnes,1,50.58333,6.16667
Hebron,1,40.16667,-97.6
Hejing,1,42.4,86.3
Johnny's Donga,1,-30.33333,126.36667
Kabakly,1,39.76667,62.51667
Kaffir (a),1,34.62333,-101.91667
Kapunda,1,-34.31667,138.93333
Kinley,1,52.04667,-107.23333
Kyle,1,29.975,-97.86667
Little River (b),1,38.44,-98.06667
Lone Star,1,34.25972,-101.40833
McCook,1,40.02,-100.78333
Monturaqui,1,-23.93333,-68.28333
Moorabie,1,-30.01667,141.06667
Norristown,1,32.51667,-82.55
Pannikin,1,-32.04167,126.18333
Post,1,33.11667,-101.38333
River,1,-30.36667,126.01667
Seminole (b),1,32.54333,-102.705
Severny Kolchim,1,60.5,57.0
Springer,1,36.34611,-97.185
St. Lawrence,1,31.73333,-101.505
Thurman,1,39.52167,-103.16667
Tierra Blanca,1,34.93333,-102.01667
Tishomingo,1,34.25,-96.68333
Verissimo,1,-19.73333,-48.31667
Wallareenya,1,-20.66667,118.83333
Wikieup,1,34.7,-113.6
Wilbia,1,-26.45,131.0
Yayjinna,1,-32.03333,126.175
Chitado,1,-17.35,13.96667
Pavel,1,43.46667,25.51667
Saint-Séverin,1,45.3,0.23333
Seoni,1,21.68389,79.50083
Umm Ruaba,1,13.46667,31.21667
Albion,1,46.83333,-117.25
Avoca (Western Australia),1,-30.85,122.31667
Burrika,1,-31.96667,125.83333
Cardanumbi,1,-32.1,125.68333
Coorara,1,-30.45,126.1
Elba,1,39.83333,-103.21667
Faucett,1,39.61667,-94.86667
Floyd,1,34.19333,-103.575
Hamilton (Queensland),1,-28.48333,148.25
Inman,1,38.25,-97.66667
Kaffir (b),1,34.67167,-101.815
Kramer Creek,1,38.3925,-104.17667
Kress (b),1,34.35833,-101.73
Palermo,1,-34.55,-58.43333
Pep,1,33.73,-102.57667
Skiff,1,49.25,-111.86667
Timmersoi,1,18.91667,6.25
Wellman (d),1,33.01667,-102.36667
Yocemento,1,38.9,-99.43333
Zhigansk,1,68.0,128.3
Denver,1,39.7825,-104.93056
Kingai,1,11.63333,24.68333
Parambu,1,-6.23333,-40.7
Tathlith,1,19.38333,43.73333
Tugalin-Bulen,1,45.46667,105.38333
Vilna,1,54.225,-111.69167
Wiluna,1,-26.59278,120.32833
Armel,1,39.76667,-102.13333
Baandee,1,-31.61667,118.03333
Caldera,1,-27.05,-70.8
Cope (b),1,39.68333,-102.845
Credo,1,-30.36667,120.73333
Doolgunna,1,-25.93333,119.3
Enigma,1,31.33333,-82.31667
Fluvanna (a),1,32.8,-101.11667
Forrest,37,-30.60047,127.95924
Georgetown,1,39.7,-105.7
Hartley,1,35.94167,-102.16
Laundry East,1,-31.53333,127.1
Laundry Rockhole,1,-31.53333,127.01667
Laundry West,1,-31.46667,126.93333
Little River (a),1,38.38333,-98.01667
Markovka,1,52.4,79.8
Mossgiel,1,-33.31667,144.78333
Nazareth (b),1,34.5,-102.25
Nova Petropolis,1,-29.43333,-50.91667
Portales (a),1,34.06667,-103.5
Portales (b),1,34.06667,-103.5
Portales (c),1,34.1,-103.41667
Seminole (c),1,32.55,-102.39167
Seymchan,1,62.9,152.43333
Tarlton,1,39.32,-82.37
Tiberrhamine,1,28.11667,0.53333
Zerhamra,1,29.85861,-2.645
Awere,1,2.71667,32.83333
Juromenha,1,38.74028,-7.27
Piancaldoli,1,44.24417,11.50222
San Pedro Jacuaro,1,19.76667,-100.65
Schenectady,1,42.86083,-73.95028
Akhricha,1,28.4625,1.025
Bethel (a),1,34.23333,-103.38333
Bethel (b),1,34.24667,-103.395
Boaz (stone),1,33.65167,-103.70833
Boolka,1,-30.06667,141.06667
Dalhart,1,36.04333,-102.40833
Delphos (a),1,34.08333,-103.525
Delphos (b),1,34.09,-103.61167
Elida (a),1,33.78333,-103.57667
Elida (b),1,33.91667,-103.51833
Elida (c),1,33.79,-103.56333
Fenbark,1,-30.44028,121.25694
Gunnadorah,11,-30.56912,126.27498
Idalia,1,39.695,-102.295
Kalvesta,1,38.08333,-100.25
Kivesvaara,1,64.45,27.56667
Leslie,1,34.61139,-100.855
Loxton,1,-34.45,140.56667
Mokrousovo,1,55.9,66.7
Motpena (a),1,-31.1,138.26667
Nallah,1,-31.96667,126.25
Nazareth (d),1,34.58333,-102.08333
Nazareth (iron),1,34.52667,-102.105
Oak,1,-31.58333,127.7
Oasis State Park,1,34.22833,-103.35833
Quinyambie,1,-30.15,140.98333
Roosevelt County,110,34.06431,-103.48511
Saint-Aubin,1,48.48333,3.58333
Smyer,1,33.58333,-102.16667
Tsarev,1,48.7,45.7
Webb,1,-31.69167,127.78333
Wildara,1,-28.23333,120.85
Wynyard,1,51.88333,-104.18333
Allende,1,26.96667,-105.31667
Andreevka,1,48.7,37.5
Bovedy,1,54.56667,-6.33333
Murchison,1,-36.61667,145.2
Patora,1,20.93694,82.05
Suchy Dul,1,50.53806,16.26333
Aprel'sky,1,53.3,126.11667
Ashmore,1,32.9,-102.28333
Benjamin,1,33.58333,-99.8
Bou Hadid,1,28.3125,0.23333
Buenaventura,1,29.8,-107.55
De Kalb,1,39.59167,-94.92194
Delphos (d),1,34.05,-103.55
Edjudina,1,-29.58639,122.18167
Garrison,1,33.86333,-103.34667
Glasston,1,48.71667,-97.3
Gobabeb,1,-23.55,15.03333
Grier (a),1,34.38167,-103.39167
Grier (b),1,34.26667,-103.38333
Guin,1,33.96667,-87.91667
Ikhrarene,1,28.60417,1.04167
Leoville (b),1,39.60833,-100.475
Menindee Lakes,6,-32.99445,141.83333
Myersville,1,28.95,-97.40278
North East Reid,1,-30.03333,129.01667
North Forrest,1,-30.5,128.1
North Reid,1,-30.0,128.91667
North West Forrest (H),1,-30.76667,128.01667
Oufrane,1,28.29583,0.025
Panhandle,1,35.33333,-101.38333
Park,1,39.11,-100.36167
Redfields,1,-30.71667,116.5
Reid,28,-30.25567,128.70943
Shibayama,1,35.765,140.41
Tulia (iron),1,34.555,-101.63
West Reid,1,-30.05,128.93333
Wooramel,1,-25.65,114.21667
Yamato,5111,-68.38664,35.67254
Yilmia,1,-31.19167,121.53333
Dongtai,1,32.91667,120.78333
Dwaleni,1,-27.2,31.31667
Kiffa,1,16.58333,-11.33333
Lost City,1,36.00833,-95.15
Malakal,1,9.5,31.75
Nejo,1,9.5,35.33333
Tillaberi,1,14.25,1.53333
Ucera,1,11.05,-69.85
Answer,1,-21.65972,140.90694
Benedict,1,41.0,-97.53333
Big Rock Donga,1,-30.55,130.96667
Bledsoe,1,33.59167,-103.02667
Cockarrow Creek,1,-26.66667,120.16667
Dora (stone),1,33.92333,-103.35
Egvekinot,1,66.8,178.2
Ellisras,1,-23.83333,27.91667
Etosha,1,-18.5,16.0
Euclid,1,47.95833,-96.7
Felt,1,36.55,-102.78333
Grady (c),1,34.8,-103.31667
Hart Camp,1,33.99833,-102.17667
Hereford,1,33.795,-102.24167
Homewood,1,49.50833,-97.81667
Isna,1,24.83333,31.66667
Kittakittaooloo,1,-28.03333,138.13333
Lakeview,1,34.53333,-101.7
Lazbuddie,1,34.5,-102.75
Mills,1,36.23,-104.11889
Nazareth (c),1,34.58333,-102.08333
Nimberrin,1,-31.51667,117.96667
Otto,1,35.16667,-105.98333
Poonarunna,1,-27.76667,137.85
Tibooburra,1,-29.43333,142.01667
Two Buttes (b),1,37.63333,-102.41667
Ularring,1,-29.96667,120.6
Wernigerode,1,51.85,10.78333
Willaroy,1,-30.1,143.2
Anlong,1,25.15,105.18333
Haverö,1,60.24556,22.06194
Kabo,1,11.85,8.21667
Marilia,1,-22.25,-49.93333
Noventa Vicentina,1,45.29167,11.52722
Shuangyang,1,43.5,125.66667
Wethersfield (1971),1,41.7,-72.65
Aguas Calientes,1,-25.5,-68.4
Bronco,1,33.28333,-102.96667
Brownell,1,38.69667,-99.70833
Bunjil,1,-29.62917,116.48222
Burns Flat,1,35.33333,-99.15
Cruz del Eje,1,-30.75,-64.78333
Ella Island,1,72.88333,-25.11667
Elyria,1,38.28,-97.365
Galatia,1,38.64167,-98.88333
Guadalupe y Calvo,1,26.1,-106.96667
Hadley Rille,1,26.43333,3.65556
Happy (a),1,35.68,-101.99333
Happy (c),1,34.58333,-102.05
Happy Canyon,1,34.80167,-101.56667
Jeedamya,1,-29.58333,121.16667
Lone Tree,1,41.5,-91.47917
Melrose (b),1,34.39833,-103.605
Mulga (west),1,-30.18333,126.36667
North West Forrest (E6),1,-30.6,127.81667
Oro Grande,1,32.37167,-106.25833
Poison Spring,1,38.17,-110.36667
Polujamki,1,52.1,79.7
Queretaro,1,20.63333,-100.38333
Rakity,1,51.8,79.9
Salaices,1,27.0,-105.25
Sanclerlandia,1,-16.21667,-50.3
South Plains,1,34.26667,-101.25
St. Vrain,1,34.31833,-103.47167
West Forrest,1,-30.75,127.98333
Wichita,1,37.59183,-97.21497
Willowbar,1,36.73333,-102.2
Yongning,1,22.75,108.33333
Guibga,1,13.5,-0.68333
Ipiranga,1,-25.5,-54.5
Valera,1,9.31667,-70.62833
Anson,1,39.33333,-97.56167
Arch,1,34.15,-103.22
Bowesmont (b),1,48.78333,-97.35
Commodore,1,-31.2,138.3
Delaware,1,35.28333,-93.5
Dor el Gani,1,26.95833,16.03333
El Mirage,1,33.68333,-112.26667
Flagler,1,39.23,-102.99
Happy (b),1,34.59333,-101.99333
Hardtner,1,37.06667,-98.66167
Kenna,1,33.9,-103.55333
Kenna (b),1,33.70833,-103.76667
Kifkakhsyagan,1,64.4,172.7
Lider (a),1,34.655,-101.64
Lider (b),1,34.655,-101.64
Mayfield,1,37.30833,-97.545
Motpena (b),1,-31.2,138.3
Mount Margaret,1,-28.83333,122.18333
Muleshoe,1,34.12167,-102.695
New Moore (a),1,33.11667,-102.11667
Northbranch,1,39.99167,-98.34167
Oldfield River,1,-33.0,121.0
Raguli,1,45.7,43.7
Roosevelt,1,34.86667,-98.95
Watson,13,-30.525,131.60269
West Point,1,33.075,-102.045
Canon City,1,38.47028,-105.24139
Lichtenberg,1,-26.15,26.18333
San Juan Capistrano,1,33.48472,-117.6625
Alkhamasin,1,20.6,44.88333
Araslanovo,1,55.14167,48.2
Colonia Obrera,1,24.01667,-104.66667
El Sampal,1,-44.53333,-70.36667
Kinclaven,1,-30.46667,125.7
Kumdah,1,20.38333,45.08333
Lueders,1,32.83611,-99.60417
Nullagine,1,-21.86667,120.11667
Nurina,9,-30.61002,126.44178
Puerto Libertad,1,29.9,-112.68333
Wayside,1,34.80167,-101.68333
Wellman (e),1,33.67833,-102.315
Zerga,1,20.25,-12.68333
Aioun el Atrouss,1,16.39806,-9.57028
Enshi,1,30.3,109.5
Gorlovka,1,48.28333,38.08333
Jolomba,1,-11.85,15.83333
Mayo Belwa,1,8.96667,12.08333
Naragh,1,33.75,51.5
Stratford,1,41.2,-73.13333
Balsas,1,-7.53133,-46.04117
Blaine Lake,1,52.77,-106.89667
Brachina,1,-31.3,138.38333
Brownfield (c),1,33.135,-102.27833
Danebury,1,51.13889,-1.53611
Fairfield,1,39.33333,-84.6
Fitzwater Pass,1,42.03839,-120.58942
Gomez,1,33.18139,-102.40139
Hickiwan,1,32.35833,-112.40889
Maralinga,1,-30.3,131.26667
Orimattila,1,60.58333,25.58333
Rabbit Flat,1,-20.36667,130.11667
Rogers,1,34.065,-103.40833
Saint Augustine,1,40.71667,-90.41667
Thackaringa,1,-32.11667,141.08333
Tokio (a),1,33.21667,-102.63167
Tokio (b),1,33.205,-102.65833
Ijopega,1,-6.03333,145.36667
Ningbo,1,29.86667,121.48333
Tambakwatu,1,-7.75,112.76667
Tuxtuac,1,21.66667,-103.36667
Ban Cho Lae,1,19.08833,99.01389
Brandon,1,40.81,-101.80167
Colony,1,35.35,-98.68333
Denver City,1,33.07139,-102.80028
Eads,1,38.47,-102.82667
Foster,1,33.1,-102.26667
Granada Creek,1,37.96667,-102.33333
Harlowton,1,46.43333,-109.83333
Haxtun,1,40.45667,-102.57834
Kossuth,1,40.66667,-84.35
Llano River,1,30.52213,-99.73698
Mangalo,1,-33.56667,136.65
Meadow (a),1,33.33139,-102.26889
Millen,1,32.83528,-81.87389
Moriarty,1,34.98333,-106.05
Naryilco,1,-28.6,141.15
New Moore (b),1,33.11833,-102.11333
Nilpena,1,-31.08333,138.3
Perryton,1,36.35333,-100.73167
Rancho Gomelia,1,24.51667,-105.25
Red Deer Hill,1,53.075,-105.84167
Snake Bore,1,-31.1,138.26667
Starvation Lake,1,-30.46667,141.08333
Xinyi,1,34.36667,118.33333
Acapulco,1,16.88333,-99.9
Dhajala,1,22.37778,71.42722
Dowa,1,-13.66667,33.91667
Dunhua,1,43.33333,128.25
Grefsheim,1,60.66667,11.0
Jilin,1,44.05,126.16667
Junan,1,35.2,118.8
Qingzhen,1,26.53333,106.46667
Ruhobobo,1,-1.45,29.83333
Sheyang,1,33.65,120.06667
Zhuanghe,1,39.66667,122.98333
Allan Hills,1739,-76.75787,158.88206
Alvord,1,43.32222,-96.28889
Dengli,1,39.06667,58.86667
Dunganville,1,-42.55,171.35
Fluvanna (b),1,32.90333,-101.16278
Gnowangerup,1,-34.0,118.1
Hangman Crossing,1,38.91972,-85.94722
Haviland (b),1,37.59667,-99.125
Ischgl,1,47.02633,10.27333
Jerslev,1,55.60883,11.22917
Kimbolton,1,-40.07139,175.73028
Lookout Hill,1,-30.09056,128.80583
Luray,1,39.11667,-98.68333
Mar'inka,1,47.9,37.5
Mount Baldr,2,-77.58389,160.35
Needmore,1,34.04472,-102.79917
Old Woman,1,34.46667,-115.23333
Pine Dam,1,-30.41667,138.0
Red Rock,1,35.41667,-117.91667
Santa Clara,1,24.46667,-103.35
Seagraves (b),1,32.91722,-102.5
Seminole (d),1,32.71667,-102.65
Seminole Draw (a),1,32.71667,-102.65
Seminole Draw (b),1,32.71667,-102.65
Sligo,1,33.11861,-102.74056
St. Francis Bay,1,-25.06667,14.88333
Wardswell Draw,1,32.90333,-102.925
Wimberley,1,29.96667,-98.11667
Zulu Queen,1,33.98333,-115.68333
Alta'ameem,1,35.27333,44.21556
Bo Xian,1,33.83333,115.83333
Changde,1,29.08333,111.75
El Paso de Aguila,1,25.37,-97.37
Fuyang,1,32.9,115.9
Iguaracu,1,-23.2,-51.83333
Innisfree,1,53.415,-111.3375
Kutais,1,44.51667,39.3
Louisville,1,38.25,-85.75
Xingyang,1,32.33333,114.31667
Aliskerovo,1,67.88333,167.5
Boorabie,1,-29.46667,128.35
Carlisle Lakes,5,-29.16667,127.15
Circle Back,1,34.02806,-102.68
Deán Funes,1,-30.43333,-64.2
Delphos (c),1,34.05,-103.63333
Ethiudna,1,-32.03333,139.78333
Felsted,1,54.99056,9.49194
Frankel City,1,32.33333,-102.745
Gaines County Park,1,32.83333,-102.73333
Jaralito,1,26.26583,-103.885
Larned,1,38.1995,-99.162
Latham,1,-29.75,116.43333
Lynch,2,-31.2081,127.18067
Mason,1,-29.95,128.08333
Merweville,1,-32.75833,21.68333
Millarville,1,50.79722,-114.30944
Nazareth (e),1,34.58333,-102.05
Old Homestead,3,-31.32315,127.71906
Purgatory Peak,1,-77.33333,162.3
Purmela,1,29.5,-98.05
Seminole (e),1,32.71667,-102.65
Seth Ward,1,34.26889,-101.64722
Somesbar,1,41.38333,-123.5
Thylacine Hole,2,-31.575,127.7
Ybbsitz,1,47.96,14.89
Chitenay,1,47.47083,0.97667
Lishui,1,31.63333,118.98333
Nuevo Mercurio,1,24.3,-102.13333
Allred,1,33.1,-102.95
Bakhardok,1,38.6,58.0
Bates Nunataks,15,-80.25,153.5
Bouvante,1,44.92222,5.26778
Brainard,1,41.15333,-96.955
Claytonville (b),1,34.34833,-101.65833
Deakin,10,-30.63763,128.77504
Derrick Peak,27,-80.06667,156.38333
Finney (c),1,34.29833,-101.68333
Florey,1,32.5225,-102.705
Gascoyne Junction,1,-24.5,115.18333
Kress (c),1,34.33833,-101.71667
Krider,1,34.46667,-103.92167
Leikanger,1,61.26667,6.85
Los Lunas,1,34.8125,-106.79167
Meteorite Hills,1129,-79.68333,158.07418
Novosibirsk,1,55.0,82.9
Reckling Peak,135,-76.22992,158.46198
Tinnie,1,33.38333,-105.25
Truckton,1,38.58139,-104.07667
Walnut Hill,1,43.827,-70.24717
Weiyuan,1,35.26667,104.31667
Willard (a),1,34.43333,-105.78333
Cilimus,1,-6.95,108.1
Jartai,1,39.7,105.8
Beaver-Harrison,1,38.48417,-113.13639
Belgica,5,-72.58333,31.25
Blackwater Draw,1,34.20583,-103.22222
Clarendon (a),1,34.905,-100.91333
Correo,1,34.95,-107.16667
D'Orbigny,1,-37.66667,-61.65
Elephant Moraine,2187,-76.2466,156.68243
Escalón,1,27.0,-104.0
La Escondida,1,24.34167,-102.075
Littlerock,1,34.51667,-117.98333
Namib Desert,1,-24.75,15.36667
Plainview (d),1,34.1875,-101.70417
Quarat al Hanish,1,25.15,25.58333
Saginaw,1,32.86583,-97.32306
Summerfield,1,34.76667,-102.41667
Suwanee Spring,1,34.95,-107.16667
Wild Horse,1,39.41667,-103.2
Willcox Playa,7,32.13151,-109.84499
Guangrao,1,37.1,118.4
Kaidun,1,15.0,48.3
Lunan,1,24.8,103.3
Mianchi,1,34.8,111.7
Richland Springs,1,31.25,-99.03333
Xi Ujimgin,1,44.66667,117.5
Bronco (b),1,33.275,-102.96
Bronco (c),1,33.275,-102.96
Cosmo Newberry,1,-27.95,122.88333
Crab Hole,1,-30.4,127.43333
Dumas (b),1,35.925,-101.895
Kaffir (c),1,34.67167,-101.815
Lost Draw,1,33.28944,-102.54306
Maricopa,1,33.25,-112.05
McCracken,1,38.525,-99.81
Morton,1,33.71667,-102.76667
Nainital,1,29.36667,79.43333
Outpost Nunatak,1,-75.83333,158.2
Page City,1,39.16667,-101.28333
Pedernales,1,30.33333,-98.95
Pizzetti Well,1,-26.26167,120.73333
Poeppel Corner,1,-25.78333,137.93333
Ragland Hill,1,34.78333,-103.66667
Retuerta del Bullaque,1,39.45889,-4.3775
Rock Creek,1,34.42222,-101.4975
Springlake,1,34.34444,-102.22361
Virginia,1,-32.06667,125.15
Akyumak,1,39.91667,42.81667
Chiang Khan,1,17.9,101.63333
Dahmani,1,35.61667,8.83333
Gursum,1,9.36667,42.41667
Machinga,1,-15.21222,35.24222
Omolon,1,64.02,161.80833
Salem,1,44.97917,-122.96944
Acuña,1,29.31667,-100.96667
Anyujskij,1,66.9,164.2
Bilibino,1,67.3,160.8
Binya,1,-34.225,146.38167
Cat Mountain,1,32.14833,-111.11167
Clarendon (b),1,34.93611,-100.94167
Davy (b),1,29.00833,-97.70556
Dawn (a),1,34.86,-102.12
Dawn (b),1,34.86,-102.12
Dimmitt (b),1,34.48333,-102.32833
Divnoe,1,45.7,43.7
Edmonson (b),1,34.28333,-101.83333
Eltanin,1,-57.78667,-90.79333
Friona,1,34.54,-102.56833
Kaffir (d),1,34.67167,-101.815
Kamyshla,1,54.0,52.2
Lamesa,1,32.88333,-101.88333
Lovina,1,-8.65,115.21667
Meadow (b),1,33.33139,-102.26889
Milnesand (stone),1,33.63333,-103.33333
Tule Draw,1,34.66667,-102.0
Tulia (d),1,34.60667,-101.76667
Ural,1,55.8,66.0
Wolsey,1,44.4,-98.53333
Zhongxiang,1,31.2,112.5
Gujargaon,1,22.98333,76.05
Qidong,1,32.08333,121.5
Wethersfield (1982),1,41.71056,-72.67361
Abajo,1,26.8,-105.41667
Bayard,1,41.81667,-103.36667
Drayton,1,48.66667,-97.11667
Gunlock,1,37.28333,-113.78333
Monticello,1,36.95,-84.9
Naiman,1,42.83333,120.66667
Pecora Escarpment,631,-85.66374,-68.70691
Pennyweight,1,-29.11667,122.08333
Ragland,1,34.76778,-103.55
Ryan Field,1,32.13333,-111.13333
Taylor Glacier,1,-77.73333,162.16667
Timber Creek,1,34.98333,-101.73333
Wilder,1,43.72444,-116.91167
Guangnan,1,24.1,105.0
Kidairat,1,14.0,28.0
Maryville,1,35.8,-84.1
Ningqiang,1,32.925,105.90667
Rahimyar Khan,1,28.225,70.2
Blakeman,1,39.91667,-101.2
Burkhala,1,63.8,149.0
Carichic,1,27.93333,-107.05
Edmond,1,39.76667,-99.91667
El Bahrain,1,28.6,26.4
Flandreau,1,44.04833,-96.59167
Gaylord,1,39.61667,-98.7
Grayton,1,30.31167,-86.16667
Great Bend,1,38.395,-98.91583
Inland Forts,1,-77.63333,161.0
Ivanovka,1,54.5,52.8
Julesburg,1,39.975,-102.26667
Lewiston,1,34.00833,-103.60278
Melnikovo,1,49.78333,35.6
Ophara,1,-32.12333,141.07972
Ozernoe,1,54.9,62.8
Patricia,1,32.5,-102.03333
Richfield,1,37.22222,-101.68139
Sainte Rose,1,-21.19222,55.68639
San Borjita,1,-27.55861,-56.13444
Sappa,1,39.84433,-100.51
Sharon Springs,1,38.77083,-101.79833
Snyder,1,32.71667,-100.91667
Study Butte,1,29.30167,-103.5
Tabbita,1,-34.05,145.83333
Techado,1,34.53333,-108.35
Torreon de Mata,1,26.83333,-105.41667
Villa Coronado,1,26.75,-105.25
Walcott,1,32.4,-101.95
Waverly,1,32.68333,-85.56667
Zhaoping,1,24.23333,111.18333
Aomori,1,40.81056,140.78556
Binningup,1,-33.15639,115.67639
Claxton,1,32.1025,-81.87278
Gashua,1,12.85,11.03333
Gujba,1,11.49167,11.65833
Jumapalo,1,-7.71667,111.2
Nantong,1,32.11667,121.8
Tomiya,1,38.36667,140.86556
Zaoyang,1,32.3,112.75
Zhaodong,1,45.81667,125.91667
Camel Donga,53,-30.15603,126.77862
Darinskoe,1,51.41667,51.96667
Frontier Mountain,782,-72.96472,160.45753
Gan Gan,1,-42.66667,-68.08333
Kybo,1,-31.18333,126.41667
Lemmon,1,45.93333,-102.18333
Macy,1,34.21667,-103.91667
Mafuta,1,-16.9025,30.40722
Millrose,1,-26.33333,121.0
Oliver,1,41.2,-103.68333
Owasco,1,41.2,-103.68333
Penouille,1,48.85,-64.43333
Quijingue,1,-10.75,-39.21667
Taiban (b),1,34.45,-104.01667
Twannberg,1,47.12444,7.17889
Veevers,1,-22.96833,125.36861
Zapotitlán Salinas,1,18.33333,-97.5
La Criolla,1,-31.23333,-58.16667
Salzwedel,1,52.75,11.05
Aldama (a),1,28.83333,-105.86667
Bowden Névé,1,-83.5,165.0
Chaunskij,1,69.1,172.6
Cricket Mountains,1,38.90306,-112.82111
Dominion Range,11,-85.33333,166.5
Geologists Range,32,-82.5,155.5
Griffith,1,33.71667,-102.81667
Grosvenor Mountains,185,-85.66667,175.0
Hueco Tanks,1,31.91667,-106.15
Hueco Tanks (b),1,31.91667,-106.15
Langwies,1,46.81667,9.71667
Lavras do Sul,1,-30.8,-53.9
Lewis Cliff,1869,-84.26897,161.44953
Miller Range,34,-83.25,157.0
Monument Draw,1,32.50333,-102.74333
Oxford,1,40.16667,-99.66667
Sunray,1,36.0,-101.83333
Sunstone Knoll,1,39.16278,-112.70806
Sverdlovsk,1,57.0,62.7
Udall Park,1,32.25,-110.83333
Wells,1,33.05,-101.93333
Kokubunji,1,34.3,133.95
Lanxi,1,46.24167,126.19611
Oued el Hadjar,1,30.18,-6.57717
Raghunathpura,1,27.72528,76.465
Sayama,1,35.86667,139.4
Suizhou,1,31.61667,113.46667
Tianzhang,1,32.94667,118.99
Undulung,1,66.13889,124.76667
Wuan,1,36.75,114.25
Asuka,1509,-72.00221,25.99602
Blumenau,1,-26.92383,-49.05883
Cerro los Calvos,1,24.33333,-102.13333
Clarion,1,12.5,-137.7
Clipperton,1,11.7,-137.8
Colville Lake,2,-29.6925,126.5475
Cook,12,-30.47896,130.46695
Cuddeback Dry Lake,20,35.30037,-117.46668
Daraj,44,29.55121,11.82068
Fairview,1,34.10139,-102.65
Hardesty,1,36.57,-101.19
La Banderia,1,24.35,-102.16667
Morro la Mina,1,-24.24667,-68.85333
New Lynn,1,33.17,-101.63833
Ocate,1,36.29533,-105.04833
Nyanga Lake,3,-29.71333,126.33889
Otinapa,1,24.18333,-105.03333
Pampa (a),1,-23.2,-70.43333
Pampa (b),1,-23.2,-70.43333
Pampa (c),1,-23.2,-70.43333
Pampa (d),1,-23.2,-70.43333
Queen Alexandra Range,3443,-84.06898,167.34043
Renfrow,1,36.98667,-97.555
Roundsprings,1,39.16667,-98.43333
Sand Creek,1,39.43,-99.995
Soledade,1,-29.05,-51.43333
Wah Wah Valley,1,38.67667,-113.30167
Laochenzhen,1,33.13333,115.16667
Caddo County,1,35.0,-98.33333
El Carmen,1,26.86667,-105.23333
Gilzem,1,49.87361,6.50556
Greenwell Springs,1,30.51528,-91.01222
Ingella Station,1,-25.55,142.78333
MacAlpine Hills,263,-84.21667,160.5
Maria da Fé,1,-22.3,-45.36667
Pampa (e),1,-23.2,-70.43333
Rancho Blanco,1,24.3,-102.18333
Sukhoj Liman,1,46.4,30.8
Villa Natamoros,1,26.75,-105.4
Zagora,1,30.36667,-5.85
Ceniceros,1,26.46667,-105.23333
Chela,1,-3.66667,32.5
Chisenga,1,-10.05944,33.395
Palca de Aparzo,1,-23.11667,-65.1
Torino,1,45.06667,7.66667
Trebbin,1,52.21667,13.16667
Akmolla,1,39.53833,59.55833
Ghéizel,1,29.65972,20.08611
Lake Machattie,1,-24.83333,139.8
Lea County,3,32.03666,-103.15667
Mount Howe,4,-87.36667,-149.5
Mount Wegener,1,-80.7,-23.58333
Ryder Gletcher,1,81.16667,-49.0
Ste. Croix,1,46.83667,6.49472
Sychevka,1,51.125,127.495
Udeiát el Had,1,29.41667,20.5
Bawku,1,11.08333,-0.18333
El Idrissia,1,34.41667,3.25
Pê,1,11.33367,-3.54217
Sfax,1,34.75,10.71667
Sivas,1,39.82467,36.13583
Sixiangkou,1,32.43333,119.86667
Uchkuduk,1,41.76667,62.51667
Acfer,394,27.58918,4.08105
El Djouf,6,23.54444,-1.725
Ilafegh,17,21.61024,1.51613
Indianópolis,1,-19.16667,-47.83333
Ipitinga,1,0.35,-53.81667
Lake Torrens,1,-31.03333,138.2
McKenzie Draw (a),1,32.925,-102.625
McKenzie Draw (b),1,32.925,-102.625
Premier Downs,2,-30.5775,125.49
Reggane,3,25.61666,0.51111
Seagraves (c),1,32.98333,-102.56667
Streaky Bay,1,-32.86667,134.28333
Tagounite,1,29.96667,-5.6
Tanezrouft,88,25.23158,0.196
Uruachic,1,27.85,-108.23333
Warden,1,-23.26667,116.93333
Burnwell,1,37.62194,-82.23722
Glanerbrug,1,52.2,6.86667
Itqiy,1,26.59083,-12.95217
Magombedze,1,-19.48333,31.65
Quija,1,44.61667,126.13333
Sterlitamak,1,53.66667,55.98333
Yanzhuang,1,24.56667,114.16667
Adrar,3,27.66667,0.16667
Aguemour,17,27.40814,4.40895
Djebel In-Azzene,1,27.86667,0.45
El Golea,1,30.01667,2.98333
Felt (b),1,36.58333,-102.7
Gheriat,2,30.5825,12.26084
Juderina Spring,1,-25.91667,119.3
Leonora,1,-28.84519,121.397
Loongana,3,-30.42194,127.29634
Ocotillo,1,32.83333,-116.06667
Oyogos-Yar,1,72.68333,143.53333
Pallasovka,1,49.86667,46.61167
Plateau du Tademait,6,28.02911,0.50933
Powellsville,1,38.66667,-82.78333
Roundup,1,46.78333,-108.56667
Sulphur Springs Draw,1,32.98333,-102.37833
Timessa,1,26.56667,15.73333
Wisconsin Range,33,-86.2225,-123.7845
Yarle Lakes,4,-30.36521,131.41654
Zillah,2,29.037,17.0185
Campos Sales,1,-7.03333,-40.16667
Glatton,1,52.45972,-0.3
Mount Tazerzait,1,18.7,4.8
Noblesville,1,40.08528,-86.055
Tahara,1,34.72,137.305
Amadror,1,24.94778,6.94306
Ben Kesbes,1,30.36194,5.30083
Choolkooning,1,-29.91667,129.83333
Cole Creek,1,41.35,-99.11667
Denman,4,-30.60195,130.05011
El Atchane,17,29.64659,4.34424
Esperance,1,-33.86667,121.91667
Gibson,1,-33.68333,121.8
Great Sand Sea,29,26.26753,25.96302
Henvic,1,48.65,-3.91667
Hidden Valley,1,-19.11667,145.41667
Hub,1,34.54,-102.59433
Ilizi,1,26.75,8.88333
LaPaz Icefield,226,-86.36667,-70.0
Longtian,1,27.35,108.5
Maltahöhe,1,-24.91667,16.98333
Marengo,1,42.29111,-88.62556
Maroo,1,-25.73333,142.95
O'Malley,20,-30.78513,131.36888
Patuxent Range,52,-84.83493,-65.26053
Plains (d),1,33.26667,-102.9
Qued Mya,1,30.28306,3.62
Rio do Pires,1,-13.12333,-42.2885
Rooikop,3,-23.08333,14.715
Seemore Downs,1,-30.58333,125.21667
Seibert (b),1,39.27667,-102.88667
Sinawan,4,30.94583,11.7125
Stewart Hills,1,-84.2,-86.0
Taouz,2,30.9,-4.1025
Vermillion,1,39.73633,-96.36133
Vyatka,1,57.53333,49.0
Whitula Creek,1,-25.31583,142.44467
Mbale,1,1.06667,34.16667
Mihonoseki,1,35.56833,133.22
Peekskill,1,41.28333,-73.91667
Alnif,1,30.66667,-5.16667
Beckett Nunatak,2,-76.03333,160.18333
Burstall,1,50.65,-109.9
Campinorte,1,-14.258,-49.15917
Cave Creek,1,31.7045,-110.77917
Chuckwalla,1,35.25,-118.09067
David Glacier,9,-75.35719,161.27256
Erldunda,1,-25.29647,133.20006
Fish Canyon,1,31.735,-110.75333
Juanita de Angeles,1,28.41667,-105.08333
Lake Carnegie,1,-26.21667,122.5
Lake Frome,5,-30.71061,140.15142
MacKay Glacier,4,-76.96667,162.0
Maslyanino,1,54.25,84.33333
Miles,1,-27.83333,150.33333
Minqar Abd el Nabi,1,29.90889,29.90833
O'Donnell,1,32.91217,-101.91867
Tookabarnoo,1,-27.86667,141.73333
Tres Castillos,1,29.47,-105.8
Uruaçu,1,-14.53333,-48.76667
Ust-Nyukzha,1,56.38333,120.46667
Viksdalen,1,61.03333,6.05
Ban Rong Du,1,16.66667,101.18333
El Tigre,1,19.96722,-103.05167
Senboku,1,39.43833,140.51167
Songyuan,1,45.25,125.0
Bir Rebaa,1,31.66667,8.41667
Colton,1,46.57056,-117.09861
El Faiyum,1,29.28333,30.85
Lac Dodon,1,45.95,-73.91667
Baszkówka,1,52.03333,20.93583
Coleman,1,43.76111,-84.50778
Devri-Khera,1,24.225,76.525
Lohawat,1,26.96556,72.62667
New Halfa,1,15.36667,35.68333
St-Robert,1,45.96861,-72.97806
Barrilla,1,30.78333,-103.46667
Baygorria,1,-33.0,-56.0
Broken Hill,1,-31.83333,141.76667
Corn,1,35.405,-98.74889
Dumont,1,33.81667,-100.51667
Kress (d),1,34.38333,-101.71667
Las Colonas,1,22.58333,-101.98333
Lonewolf Nunataks,10,-81.33333,152.83333
Majdul,1,25.59567,15.4225
Mercedes,1,-34.66667,-59.33333
Mont Dieu,1,49.55,4.86667
Pampa Providencia,1,-24.45,-69.57167
Pigick,1,-35.90667,141.855
Rainbow,1,-35.90667,141.855
Rumanová,1,48.348,17.866
Sarir Qattusah,5,26.7333,15.71097
Sarir Tibesti,1,24.297,18.41433
Siwa,1,28.5,25.5
Snyder Hill,1,32.15833,-111.11333
Tarahumara,1,28.5,-106.25
Turriff,1,-35.48333,142.6
Dong Ujimqin Qi,1,45.5,119.03333
Galkiv,1,51.68333,30.78333
Neagari,1,36.44917,136.46528
Pétèlkolé,1,14.052,0.42
Silao,1,20.93333,-101.38333
Ackerly,1,32.59033,-101.77217
Coyote Dry Lake,51,35.06286,-116.75709
Dar al Gani,1043,27.23327,16.20888
Falsey Draw,1,33.84333,-103.93667
Garabato,1,-28.86667,-60.2
Gold Basin,1,35.875,-114.23333
Graves Nunataks,217,-86.71667,-141.5
Greaterville,1,31.76167,-110.75
Hot Springs,1,39.66667,-118.96667
Lago Valscura,1,44.19167,7.20028
Mount Moroto,1,2.5,34.75
Mount Prestrud,17,-86.56667,-165.11667
Mount Wisting,9,-86.45,-165.43333
New Raymer,1,40.62583,-103.84033
Rincon,1,-23.87083,-67.17639
Rio Limay,1,-39.85,-69.48333
Sierra Colorada,1,-40.8,-67.48333
Willow Grove,1,-38.10306,146.18111
Fermo,1,43.18111,13.75333
Guangmingshan,1,39.80417,122.76389
Piplia Kalan,1,26.03472,73.94167
Tsukuba,1,36.06333,140.145
Turtle Lake,1,45.34583,-92.05167
Aldama (b),1,25.05,-106.0
Bouri,1,10.26667,40.56667
Attica,1,37.25,-98.13333
Korra Korrabes,1,-25.2,18.08333
Mount DeWitt,3,-77.20306,159.80928
Rammya,1,31.16667,-3.91667
Rencoret,1,-23.17556,-69.71833
Uruq al Hadd,2,18.47216,52.57236
Juancheng,1,35.5,115.41667
Vissannapeta,1,16.83333,80.75
Worden,1,42.38467,-83.6115
Abu Moharek,1,27.23944,29.83583
Adrar Madet,2,18.55521,10.44705
Bur-Abor,1,3.98333,41.65
Cerro del Inca,1,-22.21667,-68.90833
Columbus,1,31.82967,-107.3945
El Hammami,1,23.28333,-10.81667
Grein,3,20.83711,11.07261
Hualapai Wash,3,35.86372,-114.18383
Jabal Akakus,1,25.0,10.83333
Kimba,1,-33.21667,136.41667
King Tut,1,35.92333,-114.10167
Little Minnie Creek,1,-24.13833,115.87167
Murzuq Idhån,1,23.8,12.31667
Onello,1,63.16667,137.66667
Poolowanna,1,-29.83167,136.85867
Primm,1,35.66667,-115.36667
Ragged Top,1,32.44667,-111.34667
Souslovo,1,55.4295,55.78727
Tiffa,8,19.99998,11.79933
Tindouf,1,27.75,-8.13333
Towada,1,40.55,141.23333
White Elephant,1,35.89,-114.20333
Chadong,1,28.53333,109.31667
Dashoguz,1,41.98444,59.685
Elbert,1,39.24667,-104.58817
Kitchener,1,43.38333,-80.38333
Kunya-Urgench,1,42.25,59.2
Monahans (1998),1,31.60833,-102.85833
Ourique,1,37.60833,-8.28
Portales Valley,1,34.175,-103.295
Zag,1,27.33333,-9.33333
Alkali,1,37.86667,-117.4
Bechar,2,30.83333,-3.33333
Beni Semguine,1,30.16667,-5.66667
Bi'r Tazit,1,25.57117,12.37117
Blackwood Creek,1,40.5,-101.08333
Bonnie Claire,2,37.21667,-117.08333
Bruceville,1,38.295,-121.405
Cordes,1,34.30333,-112.16617
Coyote Mountains,1,31.91667,-111.5
Dos Cabezas,1,32.295,-109.67
El Blida,2,29.91667,-5.41667
El Pozo,1,26.93333,-105.4
Fortuna,1,-35.13333,-65.36667
Foum Zguid,1,30.06667,-6.9
Gardner Ridge,2,-86.93333,-148.55
Glenrothes,1,56.25,-3.16667
Gruñidora,1,24.16667,-102.0
Hope Creek,1,65.38333,-146.26667
Klein Glacier,1,-86.93333,-144.3
Lahmada,18,27.19862,-9.60301
Mount Leake,1,-25.87667,119.07333
Overland Park,1,38.96667,-94.66667
Roach,1,35.63333,-115.36667
Safsaf,1,30.26667,-4.66667
Scott Glacier,3,-87.03333,-148.0
Shalim,20,18.69512,55.50737
Shişr,123,18.36842,53.92364
Temple Bar,1,35.91667,-114.43333
Wildcat Peak,1,32.56533,-111.7255
Zakłodzie,1,50.76278,22.86611
Zapaliname,1,25.00944,-100.75
Zegdou,1,29.75,-4.5
Bilanga,1,12.45,-0.08333
Djoumine,1,36.95,9.55
Dunbogan,1,-31.66667,152.83333
Katagum,1,11.33333,10.08333
Kobe,1,34.73333,135.16667
Leighlinbridge,1,52.66667,-6.96667
Sabrum,1,23.08333,91.66667
Areshima,1,18.21233,10.17767
Arivaca,1,31.59391,-111.37023
Asab,1,-25.43333,17.91667
Bacqueville,1,49.32222,1.36556
Beer Bottle Pass,1,35.66117,-115.33333
Bluewing,17,40.26919,-118.94134
Catalina,33,-25.23246,-69.72006
Devil Peak,1,35.65917,-115.37283
El-Quss Abu Said,1,27.31417,27.96467
Floydada (b),1,33.98333,-101.33333
Golden Rule,1,35.87333,-114.2
Goldstone Dry Lake,1,35.37333,-116.90833
Goose Creek,1,37.435,-98.31833
Grove Mountains,2494,-72.85528,75.28733
Hagersville,1,42.96667,-80.15
Hamadat Murzùq,2,26.25,13.01667
Harper Dry Lake,13,35.04623,-117.28657
Isla del Espíritu Santo,1,24.51667,-111.36667
Jdiriya,1,27.23333,-10.45
Kalahari,2,-20.9818,22.9766
Kufra,1,24.47333,23.04333
La Esmeralda,1,27.06667,-103.43333
Mabe,1,-21.3,24.1028
Majuba,4,40.62557,-118.40523
Matsitama,1,-21.0909,26.4859
Morrow County,1,45.5,-119.5
Ouzina,1,30.8,-4.18333
Pampa de Mejillones,14,-23.20819,-70.45728
Pelona Mountain,1,33.66667,-108.1
Rebiana,1,24.97833,21.885
Sandy Creek,1,40.43333,-98.06667
Seminole (g),1,32.71667,-102.65
Sheephole Valley,2,34.125,-115.56333
Talbachat n'aït Isfoul,1,29.98333,-5.23333
Twodot,1,46.7,-110.13333
White Hills,1,35.85667,-114.22333
Zag (b),1,27.33333,-9.33333
Zinder,1,13.78333,8.96667
Gasseltepaoua,1,14.15083,-2.04167
Morávka,1,49.6,18.53333
Tagish Lake,1,59.70444,-134.20139
Yafa,1,13.71111,45.17
Agoudal,1,31.98457,-5.51528
Agoult,1,30.55,-4.9
Al Huqf,32,19.5496,57.18232
Aoufous,1,31.66667,-4.06667
Cargo Muchacho Mountains,1,32.91745,-114.76718
Contis-Plage,1,44.08333,-1.31667
Cotopaxi,1,38.46483,-105.7015
Danby Dry Lake,1,34.21667,-115.05
Dronino,1,54.74667,41.42167
Dry Lake Valley,1,37.72683,-114.7865
El Gouanem,1,30.1,-6.85
El Mirage Dry Lake,4,34.64829,-117.58464
Fukang,1,44.43333,87.63333
Gila Bend,1,33.03333,-112.61667
Golden Mile,1,35.89,-114.16667
Guanaco,1,-25.1,-69.53333
Hartsel,1,38.83333,-105.8
Igdi,1,29.23333,-8.36667
Jalu,1,27.95833,21.68333
Jarud Qi,1,44.61667,120.93333
Kharga,1,31.1325,25.04717
Khatiyah,1,25.43333,50.78333
Milton,1,40.2875,-95.37667
Mohawk,1,32.73,-113.71
Northeast Africa,1,30.46667,13.55
Old Dominion Mine,1,34.85958,-116.22113
Pampa (f),1,-23.18333,-70.43333
Pampa (g),1,-23.18333,-70.43333
Patriot Hills,1,-80.28555,-81.81348
Podgrodzie,1,50.90333,21.54983
Rabbit Dry Lake,1,34.44567,-117.01083
Roach Dry Lake,10,35.67291,-115.36123
Salar de Imilac,1,-24.20333,-68.805
Silurian Dry Lake,1,35.51752,-116.17607
Silver Dry Lake,2,35.35888,-116.11992
Smara,1,26.68333,-11.73333
Spade,1,34.00111,-102.12833
Statesboro,1,32.4375,-81.91667
Superior Valley,17,35.23754,-117.05316
Superstition Mountain,1,32.87083,-115.7825
Tafassasset,1,20.76333,10.44167
Tentacle Ridge,2,-80.25,153.5
Tessera,1,45.50833,12.30833
Tungsten Mountain,21,39.68147,-117.62326
Al Zarnkh,1,13.66033,28.96
Beni M'hira,1,32.86667,10.8
Bukhara,1,39.77978,64.60035
Dergaon,1,26.68333,93.86667
Devgaon,1,19.0,81.0
Adrar Bous,1,20.5,9.0
Ararki,1,29.06,74.44
Arches,1,38.68867,-109.58517
Beyneu,1,45.4633,55.23497
Bou Kra,5,26.74358,-12.74433
Diamond Valley,1,40.08173,-115.93673
Dolores,1,-19.65,-69.95
Erg Tiferine,1,27.26667,6.76667
Goronyo,1,13.26667,5.4
Horh Uul,1,43.25,104.16667
Johannessen Nunataks,20,-72.89112,161.12168
Kumiva Valley,1,40.37972,-119.08639
Las Cruces,1,-23.38316,-70.58605
Little Ash Creek,1,34.38667,-112.02833
Miller Butte,5,-72.53071,160.53083
Mount Walton,2,-72.44934,160.33734
Paposo,8,-25.01792,-70.44834
Payson,1,34.23333,-111.4
Point Berliet,1,20.537,9.53783
Red Dry Lake,19,35.65063,-114.04433
San Juan,65,-25.45323,-69.86376
Sevaruyo,1,-19.36775,-66.96787
Southampton,1,44.50642,-81.37217
Stewart Valley,12,36.2189,-116.17028
Tassédet,3,18.20189,6.565
Tule Valley,1,38.99861,-113.38167
Umm as Samim,28,21.21439,55.82005
Verkhnyi Saltov,1,50.11112,36.8001
Alby sur Chéran,1,45.82133,6.01533
Bensour,1,30.0,-7.0
Bhawad,1,26.50833,73.11528
Kilabo,1,12.76667,9.8
Maromandia,1,-14.2,48.1
Neuschwanstein,1,47.525,10.80833
San Michele,1,43.66667,13.0
Thuathe,1,-29.33333,27.58333
Adrar Yaouelt,1,17.67987,10.03503
Arlit,1,18.673,7.34225
Assamakka,1,19.26667,5.91667
Aybut,1,17.75793,53.99032
Baruun Urt,1,46.7,113.28333
Bernic Lake,1,50.43845,-95.52937
Blanca Estela,1,-25.0,-69.5
Bluebird,1,35.8675,-114.19167
Bunker Hill,1,38.84833,-98.72383
Cerro La Tiza,1,-14.53321,-75.77511
Dougherty,1,33.97917,-101.2
Dutch Flat,1,34.48333,-113.91667
Essex,1,34.61167,-115.03333
Fountain Hills,1,33.61,-111.72
Franconia,1,34.71637,-114.22197
Gao-Guenie (b),1,11.65,-2.18333
Gourara,1,29.75883,1.88467
Hezma,1,33.25,10.46667
Issa,1,53.8675,44.8595
Mud Dry Lake,1,37.8594,-117.02097
Myrtle Springs,1,-30.45383,137.99017
Pitino,1,-27.46667,-60.58333
Quartzsite,1,33.68085,-114.1958
Sawtooth Knob,1,40.86217,-118.54167
Séguédine,1,20.81833,12.97333
Starvation Flat,1,36.7845,-114.94967
Tambo del Meteorito,1,-23.981,-68.313
Tifariti,1,26.5,-10.5
Timna,1,29.75,34.91667
Touat,2,27.551,-0.51667
Winterhaven,1,32.95,-114.66667
Zelfana,1,32.15833,4.63333
Boumdeid (2003),1,17.71067,-11.3715
Hiroshima,1,34.45,132.38333
Hoima,1,1.345,31.47278
Kasauli,1,29.58333,77.58333
Kendrapara,1,20.4625,86.70278
New Orleans,1,29.94718,-90.10976
Ouadangou,1,12.9,0.08
Oum Dreyga,1,24.3,-13.1
Park Forest,1,41.48472,-87.67917
Adrar Chiriet,1,19.64008,9.35545
Black Rock,1,40.86717,-119.18352
Buffalo Gap,1,32.24611,-99.99306
Burns,1,39.86667,-106.88333
Castenaso,1,44.495,11.35556
Cheder,1,51.53333,94.6
Djebel Chaab,3,25.15547,0.83338
Fife,1,31.38972,-99.40583
Isheyevo,1,53.61667,56.33333
Jay Bird Springs,1,32.13333,-82.98333
Kalugalatenna,1,7.31667,80.55
Keystone Lake,1,36.28402,-96.43701
La Yesera,4,-23.28012,-70.47827
Lunar Dry Lake,1,38.39918,-115.9967
Markovka (b),1,52.42405,79.68128
Mut,1,25.59983,28.45217
Plancy-l'Abbaye,1,48.66667,-4.05
Prospector Pool,1,-29.35,121.76667
Qijiaojing,1,43.75,92.91667
Roberts Butte,1,-72.65333,160.30703
Rock Springs,1,41.65,-109.025
Sacramento Wash,5,34.75378,-114.22785
Santa Vitoria do Palmar,1,-33.50944,-53.41083
Viedma,1,-41.06667,-62.85
Warm Springs Wilderness,1,34.78698,-114.25052
Wood Lake,1,45.0,-79.06667
Zubkovsky,1,49.78917,41.5046
Benguerir,1,32.25,-8.15
Berthoud,1,40.30583,-105.02325
Kaprada,1,20.33916,73.22329
Maigatari-Danduma,1,12.83333,9.38333
Orlando,1,28.5475,-81.36222
Villalbeto de la Peña,1,42.8,-4.66667
Bouse,1,33.96667,-114.06667
Buck Mountain Wash,1,34.72453,-114.20883
Buck Mountains,5,34.71815,-114.2054
Capot Rey,1,20.12593,10.2056
Chicago Valley,1,36.00217,-116.19633
Chocolate Mountains,1,33.01222,-114.86667
Diablo Pass,1,33.66348,-114.29207
Estación Imilac,1,-24.22983,-68.89253
Greener Reservoir,1,39.49133,-112.942
Kansas State University,1,39.27556,-96.25944
Koltsovo,1,54.7505,36.978
Königsbrück,1,51.26667,13.9
Moapa Valley,1,36.55722,-114.42694
Morokweng,1,-26.37247,23.52395
Naviska,1,32.5,-111.28
Octave Mine,1,34.13228,-112.70225
Palo Verde Mine,1,34.71457,-114.19142
Paymaster Mine,1,33.18667,-114.91783
Silet,1,22.78333,4.15
Święcany,1,49.79139,21.25778
Tamarack,1,44.93389,-116.43167
Windimurra,1,-28.09697,118.45561
Xifu,1,36.3,120.48333
Adam Talha,1,22.9935,-10.15367
Al Alamayn,1,30.70952,28.9698
Coyote Spring,1,36.99367,-114.99367
Hambleton,1,54.24028,-1.19889
Istifane,4,31.49639,-5.7168
La Luz,1,33.00383,-105.85083
Lixian,1,29.85167,111.59833
Lone Island Lake,1,50.00957,-95.38537
Meridiani Planum,1,-1.94617,354.47333
Metameur,4,33.3384,10.42021
Mughsayl,1,16.9245,53.785
Nahuel Niyeu,1,-40.53333,-66.63333
Porto Alegre,1,-30.03306,-51.23
Qarat al Milh,1,21.37015,57.7291
Randsburg,1,35.4005,-117.66617
Rhall Amane,2,23.34159,-10.0575
San Joaquin,1,32.16657,-111.11718
Shahdad,1,30.55383,57.78417
Sueilila,1,24.63633,-14.71633
Trilby Wash,1,33.91667,-112.55
United Arab Emirates,28,22.83912,55.14891
Bassikounou,1,15.78333,-5.9
Jodiya,1,22.68,70.31333
Kavarpura,1,25.14333,75.81333
Moss,1,59.43333,10.7
Werdama,1,32.79732,21.78713
Al Haggounia,1,27.5,-12.5
Anoual,1,32.73458,-2.95797
Big Horn Mountains,1,33.71333,-113.275
Blue Eagle,1,38.66167,-115.51833
Coffeyville,1,37.01667,-95.66667
Conception Junction,1,40.26667,-94.68333
Digor,1,42.33333,89.33333
Eldee,2,-31.66707,141.23804
Kackley,1,39.71633,-97.8545
Kirishi,1,59.54833,32.11333
Krasnodar,1,45.00569,39.20519
Little Harquahala Mountains,1,33.69177,-113.63612
Los Cerrillos,1,-28.9725,-63.34111
Noktat Addagmar,1,25.7025,-10.78167
Ramlat al Wahibah,46,21.34305,58.40168
Sawyer,1,37.52392,-98.62993
Thumrayt,2,17.77642,54.20817
Ulyanovsk,1,54.36495,48.59145
Weikengquan,1,40.26667,99.81667
Willow Wash,1,35.37358,-115.34388
Yaringie Hill,1,-32.08287,135.64985
Youxi,1,26.06,118.01
Bunburra Rockhole,1,-31.35,129.19
Cali,1,3.405,-76.51
Carancas,1,-16.66444,-69.04389
Chergach ,1,23.69639,-5.01472
Didim,1,37.35172,27.32997
Mahadevpur,1,27.66667,95.78333
Puerto Lápice,1,39.35,-3.51667
Red Canyon Lake,1,38.13742,-119.75812
Alaer,2,40.33333,81.25
Batyushkovo,1,55.54867,35.2995
Dar al Gani 1049 ,1,27.26633,16.35783
Dar al Gani 1050 ,1,28.21417,15.55083
Desert Willow,1,32.319,-111.077
En Naffatiyah,1,33.21888,10.83445
Jungo,3,40.91555,-118.35657
La Ciénega,1,30.20186,-111.93587
Podolkhovsky,1,49.66883,42.8325
San Juan 008 ,1,-25.4485,-69.85183
Taoudenni,1,22.79167,-3.96667
Toufassour,1,29.65225,-7.7493
Vitoria da Conquista,1,-14.83861,-40.83611
Whitecourt,1,53.99917,-115.5975
Yelland Dry Lake,1,39.35067,-114.40783
Almahata Sitta,1,20.74575,32.41275
Berduc,1,-31.91,-58.32833
Buzzard Coulee,1,52.996,-109.84817
Daule,1,-1.87089,-79.95756
Kemer,1,36.54194,29.41822
Pleşcoi,1,45.275,26.70972
Santa Lucia (2008),1,-31.53556,-68.48944
Sulagiri,1,12.66667,78.03333
Tamdakht,1,31.16333,-7.015
Abar al' Uj,1,22.72192,48.95937
Ashuwairif,5,29.37156,14.26835
Bir Zar,9,31.81784,10.12814
Boulder Mine,1,34.685,-114.323
Grandview,1,32.78833,-101.93833
Hyattville,1,44.33823,-107.67405
Ifould Lake,1,-30.85,132.08333
Jepara,1,-6.6,110.73333
Jiddat al Harasis 479  ,1,19.78565,55.8535
Ksar Ghilane,11,32.79387,9.85814
Kumtag,3,41.5563,93.42435
Laughlin,1,35.16867,-114.455
Mangum,1,34.849,-99.704
Oldman Mountain,1,33.67248,-114.2917
Powell Peak,2,34.69356,-114.33809
Qulumat Nadqan,1,23.14302,49.53252
Salar de Atacama,1,-23.826,-68.57217
Seminole (f),1,32.70038,-102.67268
Stockyard Creek,1,-23.25556,116.90083
Thumb Butte,1,35.16993,-114.45585
Yabrin,3,23.34005,48.69658
Ash Creek,1,31.805,-97.01
Grimsby,1,43.2,-79.61667
Jesenice,1,46.42137,14.05217
Maribo,1,54.76183,11.46745
Whetstone Mountains,1,31.96185,-110.43418
Al Huwaysah,17,22.73421,55.35272
Biduna Blowhole,4,-31.02551,131.2979
Bouanane,1,31.98333,-3.2
Camp Creek,1,33.88098,-111.78558
Chandler,1,33.24558,-111.89633
Deming,1,32.22548,-107.90459
Galleta Flat,1,32.00415,-110.37503
Gebel Kamil,1,22.01833,26.08778
Imlay,1,40.74018,-118.17285
Javorje,1,46.16244,14.19166
Los Vientos,25,-24.684,-69.766
Redwater,1,53.9329,-112.977
Romashki,1,50.28533,46.69967
Tieret,13,30.91488,10.09811
Tule Valley Hardpan,2,38.94403,-113.38028
Huaxi,1,26.46469,106.63241
Košice,1,48.76367,21.17633
Lorton,1,38.70066,-77.21163
Mifflin,1,42.9075,-90.36556
Varre-Sai,1,-20.85001,-41.73356
Aubrey Hills,1,34.38063,-114.16705
Bou Azarif,1,31.15643,-5.15262
Caleta el Cobre,19,-24.25084,-70.49123
El Médano,178,-24.85,-70.53333
Hart,1,34.37718,-102.11672
Hayy,1,20.84132,57.62995
Ksar el Hajoui,1,31.99317,-2.99347
New Deal,1,33.721,-101.8389
Ooldea,1,-30.54603,131.9705
Plainview (e),1,34.18513,-101.70558
Qaşr Tarcine,1,33.24333,9.86638
San Bernardino Wash,1,34.00056,-115.72972
Stump Spring,1,35.98728,-115.85828
Boumdeid (2011),1,17.17493,-11.34133
Sołtmany,1,54.00883,22.005
Thika,1,-1.00278,37.15028
Tissint,1,29.48195,-7.61123
Alkali Flat,1,32.306,-108.9038
Anthony Gap,1,32.00584,-106.56028
Benešov (a),1,49.76667,14.63333
Benešov (b),1,49.76667,14.63333
Griffith Wash,1,35.06639,-114.0975
Khatyrka,1,62.65316,174.50043
Pingrup,1,-33.58316,118.65662
Rio Rancho,1,35.3,-106.63333
Smokey Spring,1,40.95465,-118.49693
Spruce,2,40.7965,-114.7045
Timber Lake,1,45.425,-101.097
Tin as Sawwan,1,32.7605,9.1002
Yelland,1,39.55801,-114.42715
Yucca,3,34.82184,-114.27703
Battle Mountain,1,40.66813,-117.18913
Sutter's Mill,1,38.80389,-120.90806
Antelope,1,40.90183,-118.54465
Johannesburg,1,35.37788,-117.63728
Mandalay Spring,1,40.89201,-118.55319
Rosamond,1,34.82793,-118.1464
Tupelo,1,34.24216,-88.77594
Chelyabinsk,1,54.81667,61.11667
